id,action,created_at,_anomaly_label
"e742ac28-e838-45d7-e09f-c9cbefe91a40","DELETE","2025-11-26T11:32:31.744Z","normal"
"a19589d5-de87-4ef7-d5fe-e71968161ea2","DELETE","2025-07-21T19:28:03.690Z","normal"
"195b051f-b0cc-4bfd-dc9b-fab2f8f67e72","DELETE","2025-07-02T08:37:19.799Z","normal"
"60b84b7b-5a59-4a21-bbff-681ebf23d981","DELETE","2025-07-23T06:45:10.205Z","normal"
"1ad9251c-c678-4ede-49d6-a3da4fac5a95","DELETE","2025-08-30T16:24:11.767Z","normal"
"56886166-19c8-4597-2f85-bc95fbeba695","INSERT","2025-10-08T02:16:11.632Z","normal"
"00866fb5-e1c6-4189-5f2f-23fa7f3b1ede","INSERT","2025-07-08T01:27:43.439Z","normal"
"df2be6de-2ec3-4460-d14b-ad39a2b5a9bd","DELETE","2025-12-21T18:58:13.058Z","normal"
"fc5182fd-a3b3-41b7-8f1e-8e480f3ce89f","UPDATE","2025-04-12T09:42:49.350Z","normal"
"39d0cb12-d980-4808-c585-f0f0d52ed612","UPDATE","2025-07-13T02:23:05.060Z","normal"
"5a465a69-fc53-400b-7f0d-ff02e72b1203","DELETE","2025-11-22T04:56:35.846Z","normal"
"aa049895-f7ce-4058-719b-139ea929b14a","INSERT","2025-07-15T02:32:36.183Z","normal"
"da9ae905-b829-4b79-bcbd-ec59cb5cdc33","UPDATE","2026-02-28T08:23:30.264Z","normal"
"cbde21c6-f594-4610-0a4e-ff80c9209e44","INSERT","2025-07-06T01:03:45.386Z","normal"
"144e13a5-1df7-4103-a00a-86d7ef2f6e2b","DELETE","2025-10-30T17:30:34.105Z","normal"
"5dfed068-553e-447f-2299-35cef3eb6ff1","DELETE","2026-04-05T10:11:47.129Z","normal"
"a4ae0246-4ceb-456d-21bf-576dcd6f653a","INSERT","2026-01-02T20:36:25.895Z","normal"
"0d5e2cbc-f94c-4d3b-56f4-b2129e029ecd","UPDATE","2025-09-06T09:54:21.910Z","normal"
"879c6627-533c-48fb-b2f3-05c2ae3ed651","INSERT","2026-03-30T16:32:57.703Z","normal"
"248abe95-a448-4f7f-4e5a-8c96c30a920b","UPDATE","2025-08-20T08:46:06.996Z","normal"
"3e258500-220b-457f-9327-412cde3c7745","DELETE","2025-08-15T16:42:01.254Z","normal"
"307dcf50-4cda-48a2-f982-13d6f780f05a","DELETE","2025-10-07T00:44:40.058Z","normal"
"d46518fa-7baa-4a48-d1b5-220a0822ac1f","DELETE","2025-04-14T07:58:55.841Z","normal"
"d151d06c-70a7-4c2c-6fa3-b17ac2982dfe","DELETE","2025-10-27T06:32:05.008Z","normal"
"475cba99-64d3-44be-b969-8248799a280e","DELETE","2025-09-22T09:41:13.258Z","normal"
"7757e643-c6b2-4748-5803-eb663382c3bd","UPDATE","2026-01-11T04:12:28.172Z","normal"
"9af6a840-f5eb-4bf3-d498-c5120cf01128","DELETE","2025-08-16T00:55:10.465Z","normal"
"f4c0a790-677c-460b-f5f5-a2ae44af33ca","INSERT","2026-04-01T04:09:00.843Z","normal"
"e09c1092-3865-4781-5f23-440efb89c89b","INSERT","2025-07-16T10:57:15.651Z","normal"
"db7f1be0-19bf-4ef9-1246-0a2f276e1ae0","INSERT","2025-08-21T03:04:57.711Z","normal"
"c3096b8b-ccfd-4808-32b4-c55f4fca2010","INSERT","2025-09-09T03:13:08.682Z","normal"
"e5157f06-5996-438a-11ac-1c3e216aff14","UPDATE","2026-03-22T02:59:04.034Z","normal"
"3cb9a484-6b83-42e8-a74b-c38046eb3489","UPDATE","2025-06-21T00:09:43.723Z","normal"
"9a35e002-0d6b-4636-baa7-fad3a553b3a4","UPDATE","2025-12-21T06:04:49.972Z","normal"
"ebf48121-8fa8-4438-f41b-ff6c18bad94b","UPDATE","2025-08-10T06:54:37.065Z","normal"
"e1c635ac-c0ef-4fcb-a0ca-45ef5905b462","DELETE","2025-06-04T12:55:51.179Z","normal"
"b4379d04-5981-43b9-3108-8df7ca151e02","INSERT","2025-12-26T10:16:59.993Z","normal"
"2ad82b9d-1688-4d05-4304-1454a8f33a0e","UPDATE","2025-05-07T14:54:55.254Z","normal"
"46532714-caeb-4c85-31cb-73f6d2217629","INSERT","2026-04-08T22:18:01.582Z","normal"
"aa5f3354-de18-4e86-cda1-3716b4e21957","INSERT","2025-09-27T01:07:32.426Z","normal"
"520e5514-cf32-4fed-29d2-675b209fea3b","DELETE","2025-08-02T21:12:41.697Z","normal"
"57b49d1c-b908-414d-ae5d-a10c8ace2e06","DELETE","2025-11-09T15:40:08.794Z","normal"
"ad2bbf51-2607-4c4f-6f65-17d15643c2e7","DELETE","2025-06-19T05:35:57.816Z","normal"
"3f115751-25aa-43fd-ac47-7022062d24aa","UPDATE","2026-01-08T14:36:15.376Z","normal"
"1fc75b8a-6914-4e58-7beb-cff746728cb1","INSERT","2025-06-18T17:36:04.344Z","normal"
"816b8bbb-f385-4c21-9ac8-869a2ff4161a","UPDATE","2025-10-24T21:30:54.438Z","normal"
"2591f78e-7c0d-4b38-b360-0392d07000e3","DELETE","2025-07-23T23:01:51.708Z","normal"
"b9c2f338-882b-4626-42c9-11260b802e66","DELETE","2025-08-24T03:54:13.271Z","normal"
"480994be-7687-4346-b50d-dccf7beb5e96","DELETE","2025-10-09T23:56:37.152Z","normal"
"edb002b1-0732-4dca-6b55-51b0b917e225","INSERT","2025-10-20T09:07:07.023Z","normal"
"08626c84-015c-46cf-fa86-a0a5dc5738d4","INSERT","2026-01-25T08:48:33.017Z","normal"
"97dab308-4154-4722-6a5a-3fbfe8344641","INSERT","2025-04-13T17:04:57.147Z","normal"
"b492e364-d152-4221-fe51-c75c39f8860c","DELETE","2025-07-08T08:23:23.911Z","normal"
"89d1ad8c-0957-4835-ec10-67107a8cf19e","DELETE","2025-08-21T21:52:09.578Z","normal"
"607d5a2e-809f-410e-bc3c-a81c878557ed","DELETE","2025-12-15T20:45:58.441Z","normal"
"cc354c88-24fb-4f01-06b3-e6f044ff993a","INSERT","2025-10-30T12:10:57.004Z","normal"
"d802810c-db8b-4703-0d59-77b275a3eb7f","DELETE","2025-10-02T05:44:22.746Z","normal"
"e87d9439-06cd-4dde-0a1a-65935c93542b","UPDATE","2025-06-23T09:06:26.544Z","normal"
"3ae9343e-9fa3-4f1f-b3d3-8130d0e82f9f","INSERT","2026-01-16T07:12:48.233Z","normal"
"2ab82bc8-8e4b-4445-4d5e-e25bae02a084","INSERT","2025-12-02T09:19:28.963Z","normal"
"491a9ddc-cb13-4384-7e51-d36f4db9bc5b","DELETE","2025-11-25T23:28:48.818Z","normal"
"40650cd2-47f5-4574-8c35-cf17565cf9b2","INSERT","2025-04-17T17:28:31.505Z","normal"
"6203766c-f406-4316-2ff5-87b3e82e0046","DELETE","2025-08-23T03:01:06.639Z","normal"
"8b32958c-66c8-4b95-e1d5-33256edcb583","INSERT","2025-09-03T10:35:06.374Z","normal"
"eec3c457-c053-4e59-78f5-ddf3a7768f5c","INSERT","2025-08-06T23:08:48.808Z","normal"
"f8e88ccb-7c70-4aa0-3d2d-b8fc5c79bf18","INSERT","2026-02-06T12:01:46.924Z","normal"
"8db5f980-83b1-4288-5f7d-c5b28b614149","DELETE","2026-01-01T16:35:37.160Z","normal"
"406e312c-3c4e-4d49-03f3-37617ea1a1a5","DELETE","2026-01-27T22:59:31.878Z","normal"
"7771d25d-7153-4357-56b9-7eb95ff33c3a","DELETE","2025-09-05T13:48:50.876Z","normal"
"a08481e3-11bb-4b0b-0d07-00d865afaa4d","INSERT","2025-04-18T18:14:53.094Z","normal"
"2531a1d6-6bb9-4825-4f08-c68b116b5990","UPDATE","2025-11-27T12:34:56.908Z","normal"
"a43a76f5-a2b6-4e60-541c-a0095fc3bcbd","INSERT","2025-09-22T00:47:16.726Z","normal"
"baefe3cf-ba62-4c5d-3d80-0e48b0d72f4a","INSERT","2025-06-12T12:15:48.046Z","normal"
"bab15c01-8b82-4e0b-78df-92787e909daa","INSERT","2025-06-30T12:12:45.356Z","normal"
"88b99c1d-21fb-4908-f2ce-89966a96190c","DELETE","2025-07-07T16:23:56.353Z","normal"
"dfdec8ec-ba1d-4fb3-03e1-43470389ae5f","DELETE","2026-01-12T16:15:49.541Z","normal"
"a8659ef3-38a0-4c25-ada6-b912445c036a","INSERT","2026-03-20T06:41:08.144Z","normal"
"f371f369-a8fb-4de4-7163-65cfc8e5f3dd","UPDATE","2026-04-01T10:41:23.294Z","normal"
"04542883-f83c-42f3-b892-5073477c34b6","DELETE","2026-03-10T01:05:13.413Z","normal"
"3d7f3855-29b1-4b2b-9006-3b0dea470be0","DELETE","2025-08-24T15:15:19.848Z","normal"
"295aee25-fae8-4254-196d-a66cb8e24c02","UPDATE","2025-08-14T10:11:31.844Z","normal"
"533877c1-59c6-4fba-3433-493df2f400b1","DELETE","2026-03-16T00:40:35.099Z","normal"
"19f6dc3f-81ab-4687-f758-52e0a19addf4","INSERT","2025-09-26T02:30:42.252Z","normal"
"e0684ead-4e8a-4be5-e03c-aa913a7cd3f1","DELETE",,"null_injection"
"fd8b516c-99b9-4e47-6875-2af1896b45f7","UPDATE","2025-10-17T13:22:16.942Z","normal"
"acca3704-87fd-4af5-1844-d1eafbd98539","INSERT","2025-10-06T17:26:43.960Z","normal"
"473abca9-0f8d-4070-ff4a-553dbbb55f9f","DELETE","2026-03-06T06:34:45.599Z","normal"
"521d5851-5e33-4daf-d897-77acdaa86d29","UPDATE","2025-10-08T07:07:51.777Z","normal"
"739ab5c8-3e95-484c-e29d-bacf30bd0c1f","UPDATE","2025-10-26T14:14:57.905Z","normal"
"e9f7860f-8dbe-4080-0eb9-3f98576e6c00","UPDATE","2026-02-13T08:02:03.117Z","normal"
"e5031945-2516-44f8-dcbd-312b668d0316","INSERT","2025-04-20T02:30:37.672Z","normal"
"a34ef6a8-d223-4b58-78be-6d7eb1f8a952","UPDATE","2026-04-08T04:33:33.692Z","normal"
"ae96b787-c2ba-4f1f-39b7-738b50806a70","DELETE","2026-03-16T03:34:12.554Z","normal"
"b559efd8-b5a2-4c61-be7d-77a8b4ec43a8","DELETE","2026-01-15T16:09:19.918Z","normal"
"8ab30a79-5490-4de5-aa04-e918f2465b17","INSERT","2025-06-17T12:16:44.373Z","normal"
"bb826a7a-70bd-4f5d-1de7-b70dc95249f2","INSERT","2026-02-07T17:48:27.362Z","normal"
"f59cef5d-edc3-4263-0453-1b8d7ae59f04","DELETE","2026-02-11T06:51:24.811Z","normal"
"712e8420-82ce-450e-8162-13dc661461b2","UPDATE","2025-11-30T20:07:13.279Z","normal"
"9fd54539-df9a-4a14-d104-ae566499fc3d","INSERT","2025-08-10T04:22:19.253Z","normal"
"e8ac8d50-3b55-4def-1e4d-79d73be60c0b","UPDATE","2026-03-08T11:18:44.927Z","normal"
"c4badfb1-8705-4a75-75a6-4049f6040e67","DELETE","2025-07-12T01:56:06.570Z","normal"
"7529d731-66d4-4645-39f2-1f4bad5cd8da","UPDATE","2025-06-30T00:59:12.403Z","normal"
"70dbbab5-e2a6-49c6-6c7f-88f00e02288d","INSERT","2026-02-15T23:49:27.162Z","normal"
"20967804-5675-43fb-fb6e-7b60f042fe02","INSERT","2025-09-04T01:23:58.771Z","normal"
"2fe64fcf-47aa-4303-0909-4580bd14108c","UPDATE","2025-08-04T03:49:12.075Z","normal"
"b05a5961-b107-4b75-1ffb-779ca67d3b45","UPDATE","2026-03-01T05:56:31.808Z","normal"
"88ca65cf-c162-46ad-ebd1-61e578c4aee6","DELETE","2026-03-18T08:37:33.178Z","normal"
"f3cd7973-08ba-4ca1-06a4-488ee4baf565","INSERT","2026-03-26T08:43:12.836Z","normal"
"66d73026-c015-4ba8-0815-e6af052d8015","UPDATE","2028-04-09T12:28:20.298Z","timestamp_anomaly"
"8ae607b2-df65-4e50-b193-05c355fe4b1a","UPDATE","2025-09-05T21:49:07.387Z","normal"
"0d0fdc39-ecea-4562-d96b-f5e6aebb2bd8","UPDATE","2025-08-25T01:47:02.656Z","normal"
"e7052256-0964-41ca-f76b-a4dd8ad9420e","INSERT","2025-11-30T12:51:02.304Z","normal"
"eafd0dfc-ed06-4fdb-3e37-033886db1c6d","INSERT","2025-11-09T11:10:06.843Z","normal"
"78eb299e-0dd3-416e-edc9-b4a495ddd592","DELETE","2025-05-11T01:39:44.709Z","normal"
"b63bd5b4-a87c-4f35-06f5-7290c3979b39","UPDATE","2025-05-23T08:05:00.228Z","normal"
"0a8a059b-c4fe-4141-31ba-11013c86d02b","INSERT","2025-09-13T05:40:56.431Z","normal"
"6fb0c397-85ce-49d2-20df-1cb9a05e7446","UPDATE","2028-04-09T12:28:20.298Z","timestamp_anomaly"
"461ea330-b92e-4138-45ff-a74f2822554f","DELETE","2025-05-20T20:50:41.874Z","normal"
"b0222532-e5b0-486e-52c2-707c628c41a9","UPDATE","2026-03-30T03:03:14.902Z","normal"
"fdd0aa7a-a73c-4934-8531-fa25791e7f81","INSERT","2025-06-03T14:33:30.438Z","normal"
"56492fdd-53cf-4349-f833-766b06ac5f56","INSERT","2025-05-07T00:32:41.428Z","normal"
"c7f768d5-eed7-45fd-211a-e0eccdbd8f35","INSERT","2025-08-25T17:00:54.449Z","normal"
"7f0c8e33-7ef9-42c9-c3ad-cc00d82cd0c3","UPDATE","2026-02-01T09:15:04.856Z","normal"
"c2ff12fb-00b1-4eae-8d6a-57e0d52a49d8","DELETE","2026-03-23T10:15:05.729Z","normal"
"e0dd7241-5f44-4c14-cf46-d46d413dc87b","INSERT","2025-07-23T10:21:16.547Z","normal"
"6d9c1b13-ef44-41fa-f0ce-40323afcdb18","INSERT","2025-09-19T03:03:35.788Z","normal"
"91b3e6e4-28fc-457a-8ffa-241de0b77500","DELETE","2026-02-14T10:15:53.000Z","normal"
"f4b77cb2-67a8-43f5-35ab-6c3c55933c8c","DELETE","2025-10-01T21:08:16.510Z","normal"
"984a4f29-17be-43e3-5e42-9624957bcb66","DELETE","2025-05-31T13:48:58.879Z","normal"
"f59cd164-2410-4f3f-4e58-deae1890b439","DELETE","2025-06-21T07:48:43.061Z","normal"
"e0180825-d5a2-4354-8fee-4c18996520a3","INSERT","2025-11-10T02:29:06.048Z","normal"
"89f88093-a3ab-488f-2e1c-6647af4333ba","DELETE","2025-08-12T02:51:26.996Z","normal"
"fb411832-d6d4-43e6-9704-b5f1f677c9f3","INSERT","2025-06-05T04:14:06.479Z","normal"
"57788580-563a-4d8d-774a-7722819f7161","DELETE","2025-10-26T08:26:52.499Z","normal"
"e4954689-6663-4e55-476c-fafd3b52c2d0","INSERT","2025-10-30T23:51:35.559Z","normal"
"6f270906-9276-4e88-2a3b-de6b2c364266","UPDATE","2026-02-01T09:59:29.532Z","normal"
"fe663333-d848-4ee8-50cd-e9424d34a184",,"2026-03-10T21:16:17.899Z","null_injection"
"d236c8bc-ad23-465a-2661-9b2d52b64711","UPDATE","2026-04-05T12:33:39.532Z","normal"
"d46091fc-83bd-416c-d8a9-823c63dad53b","UPDATE","2025-12-26T02:54:27.355Z","normal"
"0f80222c-2f7b-49e4-0e9e-9fbc49b8138e","DELETE","2026-02-14T07:02:45.420Z","normal"
"2906b7ce-ea34-466a-faef-589d3a065476","DELETE","2025-05-14T14:27:30.424Z","normal"
"14411ca3-f946-4d82-0829-78ad1047ad4c","DELETE","2025-12-16T09:52:37.480Z","normal"
"de491d5e-0ffe-40a0-adeb-8b8ee2c43533","DELETE","2026-03-17T06:10:45.317Z","normal"
"f347edb5-94df-4ecd-abe1-746ff7d6a1a1","INSERT","2025-08-06T23:35:05.643Z","normal"
"06f51ab4-c7b3-42cc-e2c3-6c34c336fdd1","DELETE","2026-03-02T17:51:27.755Z","normal"
"3db622f1-ad41-47fa-60c5-625319b64644","UPDATE","2025-07-06T04:34:22.450Z","normal"
"9ef538d9-29bb-46fe-4d4a-fe02a33c22e8","INSERT","2025-07-18T13:46:59.303Z","normal"
"45b322a4-4fa0-4416-4eca-2ea748ae6357","INSERT","2025-09-23T21:12:32.141Z","normal"
"1e0b3bb3-fef1-46e0-7062-d03874e0ddc9","DELETE","2025-07-07T15:24:05.854Z","normal"
"b2b4b9eb-59db-471d-bd5a-5023f419bf15","UPDATE","2025-05-14T18:01:08.711Z","normal"
"e6519ff8-15b4-45f3-f3d3-0448bbd740ee","UPDATE","2025-05-07T02:11:49.621Z","normal"
"7e633ae1-46f9-49a8-0832-17b73395a1aa","UPDATE","2025-04-13T06:53:01.377Z","normal"
"9ed31d06-74ef-4e8d-63f0-cd614934dc5e","DELETE","2026-01-08T23:02:04.202Z","normal"
"615592d0-21ef-4cfe-4ed7-1c686ca5ac61","UPDATE","2026-03-03T01:04:42.185Z","normal"
"0ff04ee9-ad69-43ca-f9e7-9ec7305dc40f","UPDATE","2025-10-31T22:17:01.736Z","normal"
"41ab6df8-0eab-4482-4932-8e38c0979e68","DELETE","2026-02-22T07:14:46.675Z","normal"
"83acebc2-42a9-4fb3-b16e-be09d9e8ae8c","UPDATE","2025-06-18T19:03:11.131Z","normal"
"ba70e84c-50ac-4001-55f8-caa18533e66a","DELETE","2026-01-25T20:27:59.757Z","normal"
"0ca02896-20f6-4bf4-e797-1ab6d6a4d873","DELETE","2025-06-16T06:42:09.861Z","normal"
"7fa235f8-f993-4c5c-0bad-ff026e685f28","DELETE","2025-11-08T06:48:41.899Z","normal"
"4595e164-bca0-42e8-9416-adabad0ff47f","INSERT","2025-12-23T18:40:20.173Z","normal"
"92b3a462-19ea-46d6-7118-b58d404ef634","DELETE","2025-04-21T11:30:32.581Z","normal"
"661b84e5-2dc3-4c9c-c033-647873cc75c0","INSERT","2025-04-27T02:51:38.814Z","normal"
"c7eb3f38-95da-4614-041f-bf690256b54e","UPDATE","2025-07-15T07:24:00.727Z","normal"
"a4ae7707-b511-4196-ad3d-bd30cf97dc29","UPDATE","2025-04-30T00:38:43.310Z","normal"
"8906bc4c-8a61-43d7-a661-73e2ad1dc7f4","UPDATE","2025-06-28T09:54:06.807Z","normal"
"3df1bbd6-f03b-483c-1f07-9a7286a8a285","INSERT","2026-03-18T13:25:21.198Z","normal"
"26f15b6a-2593-4317-9469-349ddf2d8fa6","UPDATE","2026-02-04T21:42:15.038Z","normal"
"fe206299-9347-4fce-885a-3b3253e5a077","UPDATE","2026-04-07T18:34:43.752Z","normal"
"5d424815-793e-42b4-2ae9-94010eaf6d10","INSERT","2025-10-14T04:30:10.402Z","normal"
"9f3e22f3-f110-4200-2925-d281843b32a5","UPDATE","2026-03-23T08:08:25.662Z","normal"
"ae266001-8615-4eec-a56c-08ccc7e00868","DELETE","2025-10-22T17:35:53.488Z","normal"
"dad0a75d-9b7b-4901-0657-9e60f0b42201","DELETE","2025-05-23T10:37:55.396Z","normal"
"2655cbba-1ff5-47d4-960c-1c6811aa542d","UPDATE","2025-10-07T15:17:32.068Z","normal"
"707ea819-c218-40fe-ebcc-6d72efdcf0af","INSERT","2025-11-18T23:49:21.439Z","normal"
"0daf9c8c-057e-409b-c3cf-ef22a4e0089d","UPDATE","2026-03-06T06:38:47.890Z","normal"
"7e80812f-f7fc-4894-ea12-9727b6a8e134","DELETE","2026-02-13T01:54:36.657Z","normal"
"5d608680-55fc-43d8-022a-f5e48ab4727b","INSERT","2025-05-13T02:26:40.615Z","normal"
"7f309f53-a3fe-4b94-5fa2-824168b4aa9f","INSERT","2026-01-01T12:27:29.932Z","normal"
"079f5fb2-266c-4815-fecf-9f45eaf89028","DELETE","2025-05-31T16:32:47.510Z","normal"
"852f3b93-f6ea-4226-35b2-6f4e0935c980","DELETE","2025-04-16T11:41:02.180Z","normal"
"77b5e882-53cf-45d5-84ac-6fc7a19d416a","INSERT","2026-02-20T03:43:24.986Z","normal"
"92d5d42a-5a01-4f9e-0fa6-86374e3cfb4e","INSERT","2025-12-20T05:04:22.196Z","normal"
"a5a518e0-020d-42c8-ad17-853c0abb0abc","INSERT","2025-12-12T10:04:45.585Z","normal"
"ad2b185c-8c8f-4b55-fc9d-deb9899aac5d","UPDATE","2026-02-03T07:23:11.128Z","normal"
"ebe0122e-609a-4fef-8daa-f87dec2f86d4","INSERT","2026-01-04T10:43:32.737Z","normal"
"dbd0c1e6-e292-4f92-d6fb-72421e2edb93","UPDATE","2025-08-17T14:08:50.663Z","normal"
"2cf3ac39-1d21-4f3d-9f19-001b418d6a53","INSERT","2025-08-14T16:05:44.309Z","normal"
"352a2331-0414-43b6-c6ac-8549a00b1274","INSERT","2025-08-30T16:45:28.079Z","normal"
"aea92563-21cd-4096-f275-1e463a77e241","UPDATE","2025-09-08T11:21:19.236Z","normal"
"83d77f74-139e-4929-674f-2d7f648ba74e","INSERT","2025-07-23T19:48:32.965Z","normal"
"68f1c97f-3a05-4e9c-f46e-9ed8e172802c","UPDATE","2025-10-23T18:44:09.873Z","normal"
"cf2855b3-bd0b-4483-3b54-4532c32e3dec","DELETE","2025-06-02T21:26:12.679Z","normal"
"a14ddce8-f689-4a26-21b5-62684ea83510","INSERT","2026-02-22T13:07:59.606Z","normal"
"968a776b-831d-400a-bd0d-a92f395ca50a","DELETE","2026-01-02T10:01:15.675Z","normal"
"ec2cf6b5-8898-4ff4-cc46-26700f67ba62","DELETE","2025-10-08T05:35:53.865Z","normal"
"b8b4d80f-a465-40b9-364c-c74f82703826","DELETE","2028-04-09T12:28:20.298Z","timestamp_anomaly"
"fa37a081-1c0e-4009-dbff-0aac0cf67ad6","UPDATE","2025-07-20T19:27:23.863Z","normal"
"badf7164-985b-4d5d-eaee-2dd0150068bd","DELETE","2025-04-25T04:01:46.133Z","normal"
"f37294fe-db9f-4d6c-c1fc-b1b8f6c07ee3","DELETE","2025-12-24T12:17:04.817Z","normal"
"32d6468b-e21d-4818-e33b-8aac7f5aa59e","UPDATE","2025-12-08T22:39:02.496Z","normal"
"14f69220-bdca-4e0d-f743-d41d69dd6e27","DELETE","2026-01-17T02:42:01.766Z","normal"
"2616233c-8776-45aa-79e3-cb5270018e09","INSERT","2025-06-03T09:34:52.691Z","normal"
"b62a3ff3-bc10-479d-77ab-9c9a6d0e1202","UPDATE","2026-01-20T11:26:38.873Z","normal"
"a176e429-8c9a-4327-0406-9587d26a2f33","DELETE","2025-04-14T02:58:45.925Z","normal"
"bfce6529-26c1-441d-a552-0c6a30eef271","INSERT","2025-11-26T17:47:36.369Z","normal"
"c15e5f53-89d4-4fd9-be39-c8ab72204863","DELETE","2025-06-03T21:40:06.565Z","normal"
"c03efbdb-795d-42f0-2b8a-31afe418e51a","UPDATE","2025-07-18T06:53:19.574Z","normal"
"bdfc1a8e-50f1-4db7-3838-45a0af9c098e","INSERT","2025-09-12T03:30:42.038Z","normal"
"240824f8-abe0-4200-230e-a47906110a63","DELETE","2026-01-06T13:53:45.094Z","normal"
"76f42c6a-b6e8-4bf9-acb1-06d30da347eb","DELETE","2026-04-06T11:16:48.806Z","normal"
"626e4ed7-5738-4ac0-ccc0-04b5d3b53b99","DELETE","2026-03-01T22:10:10.987Z","normal"
"822d3189-e362-4e70-3bd9-335930721d35","INSERT","2026-02-10T02:17:51.154Z","normal"
"2ccc8e1f-ceb3-44fb-6f3a-afbb75d8d634","INSERT","2025-06-18T00:24:00.692Z","normal"
"4bc281d6-081d-43c2-d8b2-44ac8a3f9b40","UPDATE","2026-03-25T17:18:46.539Z","normal"
"44a0e9fb-5674-4c75-bd19-5d13d180f297","DELETE","2025-08-06T23:07:07.081Z","normal"
"24923750-8673-4c9f-1e9e-1f67f111b0b9","INSERT","2025-12-07T14:56:41.398Z","normal"
"fc421a6a-d5ed-4829-4518-4213aaf2d368","DELETE","2025-07-18T11:00:41.658Z","normal"
"5a52d459-08fe-42f2-476b-bb5f582f128d","UPDATE","2025-07-30T13:31:33.077Z","normal"
"a39d752e-409d-4867-b9d5-df153931e22d","UPDATE","2025-06-15T12:57:07.109Z","normal"
"5aa96c89-dcc2-4d1a-9d71-e2aacffa67fb","UPDATE","2025-06-25T16:32:33.482Z","normal"
"8901fa22-a26e-44e2-c07b-f3ab9e11a443","DELETE","2026-02-16T21:21:32.822Z","normal"
"91c44ad6-2936-4fc4-e5bb-7aa65881c8a6","INSERT","2025-11-19T11:00:18.519Z","normal"
"bcdd0619-8a79-452a-314a-771fb3986d98","DELETE","2025-06-23T12:02:47.941Z","normal"
"70514d45-5777-421c-8fff-dcb8ae2e8900","DELETE","2025-08-15T08:43:26.574Z","normal"
"293e9e39-5eb3-4ad1-6ea6-19176b226e10","INSERT","2025-06-30T11:25:42.915Z","normal"
"071a1404-1b2b-4144-5c79-8831617b10b6","DELETE","2025-10-19T07:46:55.790Z","normal"
"f29d729f-a9a8-4286-7636-c37b7f31e579","INSERT","2025-07-17T08:53:05.599Z","normal"
"22872050-2680-4413-ca34-76e9c2eaa130","INSERT","2025-06-05T05:49:34.472Z","normal"
"59860c47-5e86-4bde-7950-869e3b01cb60","DELETE","2025-08-21T00:36:17.777Z","normal"
"711906be-daa1-43a0-0925-1fcc046dfdb3","DELETE","2025-07-24T09:55:17.256Z","normal"
"7992306a-8160-4408-43c8-602aeda33d34","INSERT","2025-09-16T20:04:19.564Z","normal"
"89e913dc-8a00-4110-07bd-1b8e86ac300e","UPDATE","2025-09-14T21:32:58.759Z","normal"
"0f31a795-1d70-438c-9d6f-ade0308ca9f9","UPDATE","2028-04-09T12:28:20.298Z","timestamp_anomaly"
"877ed6ff-a55a-4de2-bad0-833db680ac2b","DELETE","2025-12-07T14:45:04.690Z","normal"
"6016fa83-ff70-47f7-dec9-324d62609a81","INSERT","2025-07-19T15:45:44.625Z","normal"
"9b190527-54d7-4e9c-6a15-65130c08be5c","INSERT","2025-10-26T19:35:01.701Z","normal"
"5d48306a-57d0-41b3-f0ce-9abcac443e67","UPDATE","2025-12-10T03:04:47.410Z","normal"
"32ae06c9-7ada-4624-be20-7f52a7359414","DELETE","2025-11-18T21:50:58.690Z","normal"
"6a411c62-2f48-4ada-4f06-d2cbdfedd8c1","INSERT","2025-11-27T01:00:38.403Z","normal"
"1bed4e3a-3660-48bc-555c-508672166ca9","UPDATE","2025-12-07T02:43:11.579Z","normal"
"47d3e1e6-1301-4dd1-b0d6-53f85a0d232c","INSERT","2026-01-03T00:30:15.843Z","normal"
"4e773a0c-4331-43df-9874-4d30ef3dfe05","DELETE","2025-11-30T02:11:18.237Z","normal"
"ce7cc84a-66a6-419a-36b2-12a4682c1ea3","INSERT","2025-11-13T13:00:09.113Z","normal"
"9c70fbef-a679-4b35-c80a-c16d405d10d1","UPDATE","2026-03-23T18:56:34.450Z","normal"
"159a629d-f8a4-4ee2-d5a2-29093dc79ba4","UPDATE","2025-06-09T21:50:20.825Z","normal"
"19b267ea-319b-45e2-296d-01fe6b3a9da2","DELETE","2025-10-25T05:38:59.163Z","normal"
"e13e9fd1-5f0b-4325-74fb-b17586ba4fc7","DELETE","2025-04-22T23:22:49.619Z","normal"
"ec721ec3-618a-4e90-a103-1998504766b7","INSERT","2025-07-15T01:45:56.454Z","normal"
"f0d498d9-8215-45cf-fe85-b6fac8d4f7cd","DELETE","2026-01-21T14:48:04.412Z","normal"
"342e9b9f-4be9-4a9c-1963-6fb9b8f3dc57","DELETE","2025-06-26T22:08:14.051Z","normal"
"c40fa050-c357-4871-a5f8-7ee4da073d1f","INSERT","2025-07-05T14:14:43.864Z","normal"
"c462f01f-2ed6-47ad-68c9-e18596323f99","INSERT","2026-03-04T10:35:57.939Z","normal"
"df7f3a38-08b0-47a5-bada-2a7f2b8db0c7","INSERT","2026-02-05T19:54:35.262Z","normal"
"c5048db0-9a7d-4b9e-234a-70899372ffc0","UPDATE","2025-09-18T00:09:12.882Z","normal"
"053d7fff-7af0-401d-82a3-894f80b1699a","UPDATE","2025-05-22T03:38:02.499Z","normal"
"4b811a51-c7ab-4a01-ad41-b0ab7611c870","UPDATE","2025-12-24T10:49:25.347Z","normal"
"4a564666-b36e-4743-0c86-921e3f9b7d63","DELETE","2026-01-02T03:45:51.855Z","normal"
"9135d3e4-6731-4b18-234d-8a1338f39c34","DELETE","2026-03-17T00:41:47.149Z","normal"
"5d04c170-3637-4552-2566-9604cb73d825","INSERT","2026-02-02T20:27:47.759Z","normal"
"c0873056-65fe-48d7-3091-07a6e327b17d","UPDATE","2025-06-26T05:44:49.528Z","normal"
"fd95c17b-ddfb-4ef0-585c-d08b45c948b4","INSERT","2026-03-14T07:37:52.114Z","normal"
"665a1945-6da1-4084-b7f8-3d39230eae76","DELETE","2025-12-29T10:20:38.339Z","normal"
"f81a3ac2-58ec-4e81-64b8-cea2d64f4906","INSERT","2025-10-22T07:58:46.088Z","normal"
"df2244b4-fd66-4bd2-0e2a-79daa2701cf6","INSERT","2025-07-16T08:49:28.288Z","normal"
"598dd83a-7081-4f84-34e9-ebdbd0408e2f","UPDATE","2025-08-28T00:55:35.545Z","normal"
"9a5f8231-30e0-48a5-e8f6-922e9cdddbaa","UPDATE","2025-06-18T20:42:20.380Z","normal"
"9362c739-bcae-4d4d-df22-c06cce567191","DELETE","2025-06-28T21:54:01.007Z","normal"
"484ad5b6-0587-4f5f-5501-2bd0d0094718","INSERT","2025-06-03T10:56:37.396Z","normal"
"7036412b-8be2-48f0-ca3d-6f9808a5bf9e","DELETE","2025-07-08T04:34:30.458Z","normal"
"5d94f58d-db0d-4ad6-f10f-99fd8c43aa8e","DELETE","2026-03-07T07:52:37.172Z","normal"
"44cd8315-c6eb-425b-7aa8-4493d2565728","UPDATE","2025-05-05T06:14:57.347Z","normal"
"3f170b58-e249-40ed-5367-16e00895bbd7","UPDATE","2025-05-05T00:39:06.880Z","normal"
"3589bd7d-9344-4698-4158-94bc5091bd2c","DELETE","2025-09-10T23:46:50.077Z","normal"
"20a19f1a-655f-4ea1-b819-a85ab0ba7176","INSERT","2026-03-27T15:28:42.428Z","normal"
"5ac464e3-cf3f-42bc-2901-2e4ee0bee4c4","UPDATE","2025-09-03T19:19:14.903Z","normal"
"72c9c214-f677-4b33-e0b7-b3ba2ea5dfd8","UPDATE","2025-04-21T14:55:29.775Z","normal"
"141e9b59-73c1-4119-1825-dff56b4aa8e2","UPDATE","2025-09-18T16:05:35.259Z","normal"
"fc65ce20-71b5-4455-f5d6-f8a6d407fc1d","INSERT","2026-01-10T06:39:46.948Z","normal"
"dd9bd815-8a8b-4c7e-36d4-3a3c7d5f8f9f","UPDATE","2025-04-12T14:15:12.620Z","normal"
"47a95524-bb6d-49f5-66fe-88bd4bc4afa3","UPDATE","2025-05-16T02:36:35.915Z","normal"
"60411aaa-8c35-4a9d-36e3-17ff87818d3f","INSERT","2025-07-11T20:32:05.132Z","normal"
"ac0f99ab-22ae-488c-034c-a51a639c131f","INSERT","2026-01-22T11:10:35.569Z","normal"
"f655cc8e-6283-4ec2-d410-1158d2f1cbf8","DELETE","2025-05-24T03:58:14.476Z","normal"
"561b9d6a-ffb8-42ea-7c5e-80d7cadd00ce","INSERT","2025-04-24T07:41:14.944Z","normal"
"664f30d7-af13-4bf8-8448-411afd67beb5","UPDATE","2025-08-31T15:05:50.220Z","normal"
"acb318e5-7e5b-47fe-6f22-a1a561c5b247","UPDATE","2025-08-06T16:33:22.541Z","normal"
"c49c256c-7edc-4457-a392-e37b5bb835e9","DELETE","2025-04-28T17:35:34.682Z","normal"
"57e8b9fa-bb45-445c-62c2-e2f8795a8d7a","INSERT","2025-05-29T08:51:47.672Z","normal"
"bdbf1e1a-6676-400b-09ce-80ba6cf81368","INSERT","2025-10-04T21:28:01.306Z","normal"
"e9604111-f54d-4e9a-f320-42996891713f","INSERT","2025-12-31T13:38:22.468Z","normal"
"3404e89a-36c3-43d3-2e74-b51013052be0","DELETE","2025-09-13T11:32:26.212Z","normal"
"6dab4338-cd9f-4dc6-aaad-b2232e90df32","UPDATE",,"null_injection"
"b198d22c-8344-487b-f5d3-8dc62871ecd6","INSERT","2026-03-14T10:25:01.541Z","normal"
"b681f456-61c2-4880-54f2-e061d728e015","INSERT","2025-08-12T06:31:29.070Z","normal"
"7071ac63-28b7-4d4c-2cd9-c1c68e75dd29","UPDATE","2026-01-15T07:55:41.752Z","normal"
"6ef88bb3-67a8-4f2a-5c4d-8c002d270639","INSERT","2028-04-09T12:28:20.300Z","timestamp_anomaly"
"7578baf2-5876-4d24-1396-626dcd81d6c3","INSERT","2026-01-18T14:53:03.876Z","normal"
"bf547a95-688c-4da8-63c9-c49ed3ec5e1a","INSERT","2025-04-25T13:41:06.503Z","normal"
"753a6f27-e133-45fc-d916-a0a619b571d7","DELETE","2025-06-05T12:24:54.679Z","normal"
"e30d4061-d339-4110-562d-7aba5ab118d9","INSERT","2025-09-14T09:30:02.168Z","normal"
"4e0b9735-2012-4587-f5c3-e03e38a9d828","DELETE","2025-04-21T11:06:52.359Z","normal"
"362ae6b1-1fc1-446a-5a16-7f277e62ea1a","UPDATE","2026-01-12T22:44:48.355Z","normal"
"6c851905-4dbb-45c5-8a63-a302b2d3ffc5","INSERT","2025-09-08T09:17:12.042Z","normal"
"0fb01a62-6b1c-46fe-856d-b0e100c5e6d2","UPDATE","2025-07-26T12:39:02.305Z","normal"
"1eb051c9-c9e7-4f79-7c9f-dc0160f853d8","DELETE","2025-10-09T08:21:25.480Z","normal"
"1c80e25e-7fea-43ae-93a1-5ddfe457d85f","UPDATE","2025-07-11T21:11:53.350Z","normal"
"7f6d8235-9302-4078-7f08-d3ec9bcc1e83","UPDATE","2025-09-12T02:29:36.467Z","normal"
"3ac002fa-20cc-4ec2-3528-60411f9fe0dc","UPDATE","2025-08-28T15:33:38.664Z","normal"
"888cf411-50ca-48e3-d3c8-5ab74d6aa8e0","INSERT","2025-11-08T17:40:46.300Z","normal"
"ac376e34-c9c8-4a4b-da43-e47432030f00","UPDATE","2026-02-14T05:55:56.566Z","normal"
"32a69c6f-72ab-4f23-2d2a-46bc1a79f7f6","DELETE","2025-11-25T23:13:03.465Z","normal"
"97e2f07d-ec9b-4e8d-93a5-7f39883233df","UPDATE","2025-11-22T19:43:24.438Z","normal"
"95582f0c-faa7-4deb-1a9d-5bc4b0140019","DELETE","2026-02-02T12:59:15.840Z","normal"
"5e6996ed-1ae7-4b05-adae-3ecff77a33ee","DELETE","2026-03-24T15:08:48.685Z","normal"
"33979079-0052-4907-7dc2-75d4aa552b73","DELETE","2025-11-19T11:20:31.277Z","normal"
"0ed0b9d9-58e2-4ad4-7e6d-f2e5c5e32236","UPDATE","2025-07-03T19:07:49.757Z","normal"
"d00f50ef-f481-483e-4de4-d38ff0f279e8","UPDATE","2025-10-04T15:43:54.014Z","normal"
"84c40196-ecdd-4268-f11d-c032a88976c2","INSERT","2025-06-05T20:41:18.256Z","normal"
"0c029e56-85bb-4a82-7788-6ba171da2784","DELETE","2026-02-03T21:54:09.985Z","normal"
"bb57d7dd-1bb3-4f1a-5db1-b8ecb6ca7f9a","INSERT","2025-05-19T09:10:56.421Z","normal"
"b0659f2d-9fb3-4256-bec1-b52b2d05c818","INSERT","2026-03-14T16:20:00.800Z","normal"
"50899447-5a37-4f85-a12a-4224192aa4ce","DELETE","2025-12-05T20:58:43.688Z","normal"
"c0d6db8f-836e-4d69-e50c-a0d9502e8df5","INSERT","2025-10-05T21:10:51.054Z","normal"
"cfd018c6-054f-4c12-2a69-bbe91d264b12","UPDATE","2025-08-02T07:03:43.722Z","normal"
"bae5d4e0-85f3-43d3-dea1-84a810230fd2","DELETE","2026-02-16T04:03:27.453Z","normal"
"f3635042-a99a-4aef-e363-1d23d8e6a2cf","DELETE","2026-04-04T04:10:38.933Z","normal"
"e6257eb6-cf6d-4b5b-1d92-d5b1f248205a","INSERT","2026-01-03T16:45:31.276Z","normal"
"54981b2c-ffe7-45e0-7e8a-093ce4ef93cf","INSERT","2025-09-02T03:26:21.062Z","normal"
"b2ec42dc-75e5-43fa-03f0-b10d39c16921","DELETE","2025-11-18T11:23:22.041Z","normal"
"c0c3eb66-d98a-4ef8-e8b8-ccef860c47bb","DELETE","2025-08-14T08:15:56.562Z","normal"
"e94bab8b-8d88-401e-d5de-be5e8be2c7d3","UPDATE","2026-02-25T13:11:41.128Z","normal"
"4f107599-b112-4fb4-a697-27869d6e9e3a","UPDATE","2025-12-23T13:01:37.358Z","normal"
"5e419fa1-b5a2-4795-4a7a-df53f5a0a03c","INSERT","2025-09-01T19:55:09.859Z","normal"
"34ffc504-6227-4bcf-28dc-d13708f56969","DELETE","2025-10-29T13:24:15.358Z","normal"
"e835cebb-c240-4608-5247-5fca48a19c09","UPDATE","2026-03-25T11:21:35.428Z","normal"
"e0ff6302-b728-4466-0e6e-faa78729e549","UPDATE","2026-01-18T12:45:37.111Z","normal"
"d20ed3db-d94f-4d99-23f1-e08a0a47bd72","UPDATE","2025-12-29T07:21:10.843Z","normal"
"fc3c482a-b6a0-4186-d93c-20f777bdc584","INSERT","2025-06-21T04:04:28.158Z","normal"
"56f46141-85fa-4779-dced-1d0effe5a227","UPDATE","2025-04-14T10:09:18.742Z","normal"
"e61ea033-07d1-4761-a5d7-197d72fd50c7","INSERT","2025-12-08T03:17:49.553Z","normal"
"57ea8f4f-bbe4-4032-d36d-f02313b51064","INSERT","2025-07-24T23:35:25.795Z","normal"
"2d8c2068-bfdb-4898-dccd-859be0308b5a","DELETE","2026-02-02T08:17:55.251Z","normal"
"26f8c874-b50d-404f-846d-3ab0015966d7","INSERT","2025-08-10T10:35:24.427Z","normal"
"568cdc07-ea72-494a-3bc9-78f4b230aa03","INSERT","2025-05-06T15:07:49.787Z","normal"
"8aa7d925-01d4-48b4-8819-c10cb063ca45","DELETE","2025-08-21T01:37:27.566Z","normal"
"dbe799a2-23f2-4ddd-52e7-f941e5ebc117","DELETE","2026-03-24T01:31:43.778Z","normal"
"cb29f83e-daf4-4e5b-556e-8a13f6b6f6d9","DELETE","2026-02-24T15:07:20.576Z","normal"
"897d5cb4-d2d3-4576-97b4-87bdb110804b","UPDATE","2025-07-09T01:57:27.519Z","normal"
"3ef46f05-f27f-4dc2-2855-51dcc3e62542","UPDATE","2026-02-20T18:14:39.890Z","normal"
"4b30ecdc-2876-44b0-6bc0-53ed92d55928","INSERT","2025-06-21T01:34:36.494Z","normal"
"61330282-3546-4f47-761e-2df8e6e804ea","UPDATE","2026-03-20T02:04:36.426Z","normal"
"b1fd8a29-0bc5-4182-414b-b6e0e94fa055","INSERT","2026-02-27T01:51:26.640Z","normal"
"cce9cbb9-d5b2-4783-87e6-7b8e6d8e904f","INSERT","2025-11-24T09:18:22.267Z","normal"
"bb4d0fdf-b263-4180-0cb1-b0e1df59126f","UPDATE","2025-09-10T05:26:55.191Z","normal"
"3ac766b2-2b34-40ae-0b37-698ebcc29312","UPDATE","2025-11-12T13:05:41.264Z","normal"
"36c417d8-1c22-4e5d-832c-49aa191c6335","DELETE","2025-10-27T09:11:23.448Z","normal"
"72a23dbe-b501-41d3-0f4d-3e9359d41d76","INSERT",,"null_injection"
"ea7b1081-c462-40b8-bb2b-a7675d26333d","UPDATE","2025-05-05T15:59:10.929Z","normal"
"1d728844-2695-45e0-4044-fce580197020","DELETE","2025-05-03T15:07:28.069Z","normal"
"ec94a959-892d-4808-6d52-dd22e12ed53e","DELETE","2025-06-04T09:14:49.698Z","normal"
"5a173fb9-3544-4b28-0cca-e49e78b0cdd0","UPDATE","2025-08-07T18:40:45.177Z","normal"
"932002b5-5478-48ae-8fa9-0077f0ad5189","DELETE","2025-09-21T21:29:23.482Z","normal"
"a4d45263-df86-4492-8cfc-beaa62870483","INSERT","2025-05-25T11:46:34.512Z","normal"
"ebfa7515-9cc5-408f-7685-dd44814b819b","DELETE","2025-11-09T05:44:14.851Z","normal"
"16ce450b-6c85-46eb-e12f-501d91137f7b","UPDATE","2025-11-28T19:45:08.094Z","normal"
"af421e66-1208-4211-2847-7ac7ba859fde","INSERT","2025-11-27T14:40:27.546Z","normal"
"fe3f17b4-51e1-4479-d0f0-39cb1d05c85a","UPDATE","2025-12-24T01:01:16.521Z","normal"
"f7671f1f-c70a-4994-0bcb-a16fa9a410b0","DELETE","2026-02-13T01:45:24.211Z","normal"
"6d345adb-f41f-4e49-0393-9072dda245b1","UPDATE","2026-02-17T21:26:43.875Z","normal"
"7dbf26c7-495d-43b7-fa4b-ae4fe2b74fc7","INSERT","2026-01-30T06:45:47.105Z","normal"
"b08caf7f-01c9-4ead-6197-d9badef0232c","DELETE","2025-12-23T04:59:29.274Z","normal"
"0152e220-3eed-4b1e-dc91-b708571750ca","UPDATE","2025-06-26T07:33:45.159Z","normal"
"3f2d8c9f-e620-4d4a-6ddf-a776673666ab","INSERT","2025-07-25T04:33:13.036Z","normal"
"1baea361-16c9-4599-080e-baf2aa53f941","DELETE","2025-11-16T01:54:37.534Z","normal"
"d35b0214-007a-4b64-bc4c-35e7166046cd","DELETE","2025-10-22T03:36:13.518Z","normal"
"fc6cb3aa-c3f5-4233-d9f3-4846a302cdf6","DELETE","2025-07-14T02:09:49.974Z","normal"
"e16ed419-ff86-4d80-a880-20fa7ff0866c","INSERT","2025-11-27T19:37:01.310Z","normal"
"d9ac036b-435d-4319-4d9e-5ffcc0895189","INSERT",,"null_injection"
"e21105a4-2645-4796-8695-ba214af1cf4a","UPDATE","2025-12-15T19:05:23.503Z","normal"
"eff67e76-4a3d-44b8-9d45-deeff1a1162f","UPDATE","2025-12-10T08:44:50.380Z","normal"
"fccb8616-f54e-4acf-85ec-a289fe3a2d89","UPDATE","2025-08-19T11:23:35.020Z","normal"
"c817521a-111e-432b-71a9-02f0c4b22cae","UPDATE","2025-11-01T16:51:37.416Z","normal"
"d03c58be-7115-4b6f-6a35-0b12479f8ad2","DELETE","2026-02-27T00:20:49.851Z","normal"
"5716d0af-2967-444f-4fb8-2a23593d5606","UPDATE","2026-01-28T10:06:04.004Z","normal"
"37402c32-7a99-4d8f-1383-b96335ea733e","DELETE","2025-12-14T21:24:09.059Z","normal"
"d6423258-4eca-4331-8dad-b0f299830d0e","UPDATE","2026-02-26T08:25:10.583Z","normal"
"266e8b83-b456-4676-4c99-70bacb149912","UPDATE","2025-11-15T03:03:36.989Z","normal"
"2e5d4e1f-8201-4c08-c303-dd76ffa0969b","INSERT","2025-10-24T22:13:59.149Z","normal"
"e5ac9cdc-e515-4d16-0843-986bd74cd664","DELETE","2026-01-19T04:41:17.688Z","normal"
"fcb8197b-0c0c-4a7a-cfc7-60315be6af1e","DELETE","2025-05-02T17:44:20.692Z","normal"
"ad37155c-6b55-49b1-a9c2-23db67caa0a7","INSERT","2025-11-14T20:40:43.845Z","normal"
"52838e25-4601-45f2-dcef-fb891339dfd7","INSERT","2025-05-06T18:14:06.781Z","normal"
"e464827b-5905-4b92-c3df-a5d94fde6b71","DELETE","2025-07-25T05:00:43.164Z","normal"
"ca8733ca-39ab-4048-9c1f-1ed0ce7ccdc1","INSERT","2025-07-06T19:17:24.072Z","normal"
"9cf6930f-cbc4-4b0e-c4d2-66795c4aba28","UPDATE","2025-12-10T23:42:24.790Z","normal"
"230f9488-2b76-4415-f7be-eae4b1b4eeee","DELETE","2026-02-09T19:00:36.945Z","normal"
"dd77bfcc-e677-4b96-d440-2f2e6abf6010","UPDATE","2025-06-14T11:15:45.319Z","normal"
"c279db8b-4924-47d2-8ab5-43f69bca0326","DELETE","2026-01-31T08:42:46.279Z","normal"
"180d4ffb-0675-48c3-71fe-b682a68e5144","INSERT","2025-10-19T02:56:36.366Z","normal"
"13697ff2-2849-41ca-f1a2-dce1ea7d8597","DELETE","2025-12-18T16:33:05.322Z","normal"
"3ae8a28f-8328-4a9b-c554-16d6c65cf58d","DELETE","2026-03-28T02:11:55.147Z","normal"
"f435499b-8325-4f30-5093-8660c05ce329","UPDATE","2026-01-10T00:25:30.729Z","normal"
"e37d2b9c-41eb-4869-7960-ba0ecec9719a","INSERT","2025-07-16T20:06:42.325Z","normal"
"a806fdfd-77cc-4f2d-1edc-bb97960fd644","INSERT","2025-07-13T04:14:11.303Z","normal"
"96545f1d-fd27-4b41-5b8f-2fa93f117e05","INSERT","2025-07-30T15:56:13.995Z","normal"
"70966908-73f5-4730-ab45-98e3e15ef981","UPDATE","2025-12-23T04:32:40.833Z","normal"
"155fe595-cf15-4970-33aa-aa1d46eb7601","DELETE","2025-10-28T22:50:20.930Z","normal"
"ba1de2a8-f530-4dc4-8fbd-42ba2770b52f","UPDATE","2025-11-24T02:15:02.265Z","normal"
"57e820f4-771c-4376-6dde-f28042c48e0d","UPDATE","2025-11-29T19:05:06.284Z","normal"
"64551749-fb78-417b-aec9-4368135d4e7f","UPDATE","2025-11-16T04:33:37.839Z","normal"
"355aff59-7a18-4ef0-3173-d9684a99bc00","DELETE","2025-04-30T17:05:27.797Z","normal"
"5e2bc3a6-9829-4f2c-d988-13894d7b2a8d","UPDATE","2025-06-25T17:41:02.190Z","normal"
"28208308-a06b-4af8-b891-fdaa1ce2b840","UPDATE","2025-10-12T04:51:53.043Z","normal"
"19e7df99-de02-4074-ef4a-678e3bb724c6","INSERT","2026-02-09T01:33:58.058Z","normal"
"f7e06b48-6bb4-416c-fbc7-8bc0f2c1d985","DELETE","2026-02-10T15:33:33.169Z","normal"
"b060189f-1ae2-457b-7a78-070da19058fd","DELETE","2025-07-29T20:59:17.229Z","normal"
"4b9dbd7d-a8d5-470a-d5a4-e334aa6e08aa","UPDATE","2026-03-17T03:47:45.721Z","normal"
"55566581-e10c-454a-d2be-15127858ce46","INSERT","2025-10-12T14:53:29.409Z","normal"
"e6181e6d-b479-4a9b-f7f3-065b416a3f4e","UPDATE","2025-06-13T01:30:00.030Z","normal"
"d644fdfd-828e-4771-3383-bd5a72b6f36d","UPDATE","2025-06-14T15:05:35.709Z","normal"
"7f112f1a-a9c5-45b2-86b3-31bf3b9474ca","INSERT","2025-04-19T12:47:24.313Z","normal"
"87fe557c-ff4d-45d6-3963-90a5fffd7d83","INSERT","2025-07-10T21:27:21.684Z","normal"
"cfd375d2-0f86-4abf-58b9-c8b82919c73d","DELETE","2025-11-18T20:55:26.764Z","normal"
"0cae725c-0a9c-4338-38a7-196a19effdc6","DELETE","2025-07-04T19:49:30.625Z","normal"
"96d74b9d-d689-441a-9cf4-b5978c861bea","UPDATE","2025-11-02T03:18:58.793Z","normal"
"0320d349-a8e4-4b43-519f-85f05e0ebedc","DELETE","2025-11-27T18:07:44.597Z","normal"
"dd33d8b0-3c40-4a99-148c-9c7343b0ac3d","UPDATE","2025-06-06T00:03:09.471Z","normal"
"a0694acb-f9ec-462c-78ff-c5f6b96419e5","DELETE","2026-02-20T09:26:34.461Z","normal"
"e8f33fd9-2733-4d6e-7782-9d8583c481b8","DELETE","2025-07-21T14:15:56.870Z","normal"
"5bcc72b1-b50a-4195-1fad-1a1ec0013855","UPDATE","2025-07-25T19:24:18.300Z","normal"
"96ec9f84-d6d1-4ffd-f986-19e50d55baf1","UPDATE","2025-07-09T07:46:43.639Z","normal"
"a345d8c5-1875-4635-602a-8a9bafb15676","INSERT","2025-08-16T18:35:14.236Z","normal"
"52fdf1ef-afc8-42eb-8cb4-3b0c9a8e752d","INSERT","2025-10-23T22:11:01.317Z","normal"
"416d1b8f-8efe-4f39-ff3b-4fb11d83bced","DELETE","2025-04-24T00:20:52.183Z","normal"
"1981a1b0-dca3-4ca4-1b96-f73232bffcd9","DELETE","2025-05-30T02:36:40.419Z","normal"
"77e95b45-a99e-4429-78ea-4eac66d03e4a","DELETE","2025-12-28T22:19:49.189Z","normal"
"2eaa015d-dc4f-446b-f87b-6d09a2a9c2ef","UPDATE","2025-07-21T11:22:38.508Z","normal"
"c51bf2fe-cdf0-4fc5-a167-10aa50ee3322","DELETE","2025-04-14T12:44:37.157Z","normal"
"90b80eb1-789c-4f2d-60e1-5e7eb8539bda","DELETE","2025-06-18T14:54:14.428Z","normal"
"6ab378f0-c465-4373-a821-5e7abc3d79c4","UPDATE","2025-11-12T11:22:19.363Z","normal"
"25b08a21-65d7-4352-452c-844bcfad500c","DELETE","2025-07-03T06:36:42.809Z","normal"
"07576404-0010-4deb-34e4-9913c307d956","INSERT","2025-06-27T06:10:34.816Z","normal"
"d37586db-bbd4-4491-2c83-cfe66fef5da9","UPDATE",,"null_injection"
"fe5490d3-2022-4a27-5426-0d80cdf8a6ca","DELETE","2025-12-25T23:00:34.188Z","normal"
"451e6e4f-2c54-4514-9aaf-e262c9a87582","INSERT","2026-01-17T04:40:41.142Z","normal"
"4f77ab49-2a0c-4725-705f-2f03bbcbeed3","DELETE","2025-10-30T19:35:25.679Z","normal"
"81f607df-844f-49a0-3140-fcf9fbfafcc3","DELETE","2025-12-28T19:57:03.641Z","normal"
"57ce3376-49b6-4314-2e28-c84215049065","DELETE","2026-04-08T08:03:04.077Z","normal"
"a17fd45a-9e62-48f4-7c2c-f1e6cb10c321","UPDATE","2025-08-09T18:49:54.277Z","normal"
"85540d32-68ba-44a5-e91b-d415fb8be35a","UPDATE","2026-02-24T12:41:09.328Z","normal"
"5089e38a-3bc0-425e-ddfc-b820a9c3d633","INSERT","2025-09-22T17:00:49.765Z","normal"
"00ce23fb-b8ea-4ac5-cf89-c066393cfc2f","DELETE","2025-07-30T16:54:38.643Z","normal"
"0492a408-4127-4cf6-dc62-f4dfc1405d51","UPDATE","2025-06-26T01:47:10.981Z","normal"
"bfdcd670-bb25-432a-823b-0a536f0da54d","DELETE","2026-01-19T00:39:12.174Z","normal"
"05205f39-4044-4486-dcb4-1a5d99482969","UPDATE","2025-08-13T13:38:24.636Z","normal"
"9dfe65c8-c9c4-427e-5d98-f28c4dda1878","DELETE","2025-08-20T16:39:43.334Z","normal"
"e559e485-5d62-44ab-2e39-c177688a3e5a","INSERT","2026-02-13T03:57:51.690Z","normal"
"ee92bb73-a34a-491e-1fe8-343c3b8aa375","DELETE","2025-08-06T23:11:04.906Z","normal"
"232136ae-1fb9-4787-ca05-b81813293d35","DELETE","2026-01-22T06:37:10.853Z","normal"
"ff97abf8-d913-4bb8-d558-5fd5a41ecc37","DELETE","2025-11-27T12:43:01.932Z","normal"
"eaf866dd-8082-4a5b-9f95-3e01f3e9583c","UPDATE","2026-03-23T01:56:24.957Z","normal"
"0306eaee-be2b-495a-89d0-35ccf2b971a0","UPDATE","2025-08-22T11:52:03.169Z","normal"
"30c5c56c-5142-4012-a1cb-6663ca1770c0","INSERT","2025-08-11T21:33:55.168Z","normal"
"ac8c2377-f15a-4a0a-65d0-d185cd91f46f","UPDATE","2025-12-16T08:37:31.206Z","normal"
"1093904b-2919-44a8-5038-4b4ae7dbf229","DELETE","2025-07-11T22:51:47.178Z","normal"
"7e2647e7-223a-42fb-99ef-e87f38c561a5","UPDATE","2025-09-04T00:32:55.249Z","normal"
"9cc11f73-241a-4373-b627-d4c12d04a50e","DELETE","2025-06-18T22:04:32.981Z","normal"
"96be837c-8b5a-4eea-0ead-21cfe7451e9e","DELETE","2026-01-28T20:27:13.047Z","normal"
"8804f7f3-5191-484c-4f68-b8bd861690c1","DELETE","2025-11-03T08:14:24.740Z","normal"
"13a161bd-1111-4ac2-4ad5-9ec1433485f6","INSERT","2025-11-27T04:02:20.408Z","normal"
"751520ca-be76-4381-8626-6bd55ed220a8","UPDATE","2028-04-09T12:28:20.300Z","timestamp_anomaly"
"53cadfac-0dce-4a3a-ee63-93bb5b45a51b","DELETE","2025-09-19T06:18:47.670Z","normal"
"07fe2cfd-6c66-42d5-720b-283709c7e03e","INSERT","2025-05-26T12:02:31.752Z","normal"
"e8378234-67a5-4bf3-2e28-296379aaee4a","INSERT","2025-10-03T18:19:50.915Z","normal"
"9ef8a1a2-e4d5-4660-9cb9-1df6bf39f623","DELETE","2026-01-07T20:00:11.584Z","normal"
"54a743f8-2453-451b-db5f-2f4b0fc7b184","INSERT","2026-01-25T00:59:38.204Z","normal"
"a100bcc4-48ec-41d9-e7b4-443d1a7c48e3","INSERT","2025-12-03T21:22:06.355Z","normal"
"3384d782-29b6-4c44-3f2e-c9c021bf479b","DELETE","2025-12-20T23:18:12.776Z","normal"
"16a99441-49ee-42f0-70de-d53169e1b38a","DELETE","2025-07-16T23:27:58.906Z","normal"
"910b6dcf-2290-4c75-fa09-7b7345c6cd79","UPDATE","2025-08-04T15:01:19.933Z","normal"
"addfbe50-6db5-45bb-ab46-bcb4d24c7c8e","UPDATE","2025-05-27T06:52:25.485Z","normal"
"5d7436ce-b4bd-4b7d-3154-7584072d0a20","DELETE","2026-03-15T16:30:22.139Z","normal"
"6b81f960-46e7-47e5-4d8b-c3620542472e","INSERT","2026-02-27T02:15:22.273Z","normal"
"cdfe77f0-95c3-4007-945c-387f501151c8","UPDATE","2025-08-17T17:22:03.471Z","normal"
"f34a91d6-01f5-423f-d55d-654e876fa1b8","INSERT","2026-02-16T21:57:20.262Z","normal"
"d53f510b-75ee-4526-36f6-2d7f4c6eb6bf","UPDATE","2025-05-01T17:11:40.932Z","normal"
"8e29fa6a-09bf-49ce-c5ca-133670169e98","INSERT","2026-02-23T23:42:38.000Z","normal"
"db3b643c-ade9-4dc0-5c64-a835ce55cf11","DELETE","2025-11-02T19:35:04.227Z","normal"
"0e58e681-4a9a-4bb2-eb81-b900ccc98a47","INSERT","2025-06-06T06:25:43.526Z","normal"
"fce8f9d1-af8a-47f3-a759-82df2f0e3ef9","INSERT","2026-01-01T19:03:22.280Z","normal"
"f2cea5f3-c172-4a32-fc75-d0ebd96adb21","UPDATE","2025-05-23T10:30:46.136Z","normal"
"f5f3b698-8cc3-4c09-1f9b-2fe94eba4fd4","INSERT","2025-05-16T18:31:50.372Z","normal"
"b7d6aab7-54f2-43e8-48ae-ddd36747b5e1","UPDATE","2025-05-15T14:14:07.101Z","normal"
"e6a4e36d-b647-4c16-bfce-90755ed27e55","DELETE","2025-04-17T04:00:34.807Z","normal"
"e68a18d0-d761-4d46-4d36-41b1863524a8","DELETE","2025-10-22T12:31:30.770Z","normal"
"320045c0-b330-4865-7b24-f8bf2a388f66","DELETE","2025-05-19T07:33:34.328Z","normal"
"a8bc2f53-419a-40f6-17e9-32dfc038ac65","INSERT","2026-03-25T07:51:30.398Z","normal"
"a5498c87-2b00-4606-cc18-6096bbc44a1b","UPDATE","2025-09-03T12:17:26.792Z","normal"
"a69f5545-a49a-45f0-afe4-928921efe715","INSERT","2025-11-07T18:57:29.427Z","normal"
"b4fcaf53-9f90-4ddf-1a8e-5792b6ac1feb","UPDATE","2025-08-08T06:00:26.280Z","normal"
"f588c3f1-c380-4394-7b7b-b684ef373136","DELETE","2025-06-04T02:30:27.228Z","normal"
"b9e9baee-7629-4509-7ca7-568b521ca1d4","DELETE","2026-01-31T16:54:41.711Z","normal"
"0371812b-20a5-4287-6e59-d99c68be2c30","UPDATE","2025-11-25T17:06:39.874Z","normal"
"199bec8c-1f2d-44a9-cea2-089a7a6bcb7b","DELETE","2026-03-16T18:48:50.537Z","normal"
"8f826193-59fd-429e-5a43-5c10cce9916d","DELETE","2025-05-31T13:21:29.612Z","normal"
"68ab12a1-4f05-49d4-71a5-9c43e9705404","INSERT","2025-10-04T16:29:06.787Z","normal"
"fff5f797-c214-43df-0455-7252f21596df","UPDATE","2025-05-13T18:29:31.828Z","normal"
"7bde0dbf-5341-427f-97b1-326d769152d9","UPDATE","2025-06-05T10:40:18.221Z","normal"
"87bc6ee1-edcd-440d-790d-ae637b5a2379","DELETE","2026-04-03T18:24:10.860Z","normal"
"82a1d3c3-2918-4076-2d43-4162d44c0c6f","INSERT","2025-06-07T03:51:34.043Z","normal"
"b9d60da5-392d-4dd3-93f7-b5db1b6b8e9c","INSERT","2025-09-27T11:12:26.859Z","normal"
"bf8b3549-4e25-488d-5c8e-75bed956bd0c","INSERT","2025-04-25T06:47:16.015Z","normal"
"d1a1fd01-293b-44ea-545d-674a428bfe4e","UPDATE","2025-07-17T22:39:52.447Z","normal"
"897544d8-01e2-4f8a-e9a3-d8bddc5520e1","DELETE","2025-05-26T04:20:53.253Z","normal"
"52a182dc-275f-4f63-3017-de2ce662c443","DELETE","2025-06-30T15:41:16.582Z","normal"
"92b8fc21-0166-4ece-e394-317c105050d0","UPDATE","2025-09-13T09:26:07.373Z","normal"
"445926fc-cbba-4b2c-e4e4-d978e785b248","DELETE","2025-08-30T00:41:22.530Z","normal"
"d45fa30d-45de-4cf0-82b5-49e6ae209108","UPDATE","2025-11-16T19:17:44.948Z","normal"
"9f2b4649-68c3-4666-a99f-e4f05bbd53ae","INSERT","2026-04-06T19:29:00.687Z","normal"
"2e364ddd-1e47-4269-95fd-03d313abe324","UPDATE","2025-05-06T06:47:23.476Z","normal"
"57cb53c4-fb5d-4b13-0707-c97213c0fff2","UPDATE","2025-07-15T18:08:01.045Z","normal"
"f9ab9c2e-bf41-4794-e62e-de978c021a57","INSERT","2026-01-04T17:12:54.052Z","normal"
"e5e8a307-5bd9-429b-8352-5f0923704d98","DELETE","2026-03-15T11:01:45.857Z","normal"
"2d89a7d8-ee28-409d-efc8-af8ef643743e","UPDATE","2025-11-10T23:03:35.240Z","normal"
"c736fd8c-d222-4bc1-2cdf-60d46abfa059","UPDATE","2025-06-16T09:17:27.569Z","normal"
"ca58d243-04d8-443d-d952-996fa9679d7b","UPDATE","2025-10-28T16:32:35.428Z","normal"
"fa8f1e9f-f3c4-46b3-fbba-7d13e3fab7da","UPDATE","2025-12-04T14:28:02.735Z","normal"
"a07a1322-b139-4e3b-d28b-4ebb3103ddc0","DELETE","2025-04-24T01:57:15.342Z","normal"
"4e94a22a-4d70-477e-6150-bdf8dde05b3d","DELETE","2026-02-09T08:27:56.201Z","normal"
"e178e398-1c9b-4f36-c770-f1c1e939f57a","UPDATE","2025-08-03T09:50:09.407Z","normal"
"1cadf4a8-285c-4de2-d798-b769ea100859",,"2025-10-15T02:26:40.338Z","null_injection"
"529b5b0a-3146-428b-6be3-a45a3945efea","UPDATE","2025-06-12T21:33:39.631Z","normal"
"0f65c3b7-4c30-48a7-ec75-f7db5df74dfc","UPDATE","2025-12-18T20:32:22.141Z","normal"
"fa2e1977-8491-484f-e790-664e005f6105","INSERT","2025-10-29T19:20:30.685Z","normal"
"49a13011-dc4e-48a1-ac8b-721fc4f099d3","INSERT","2025-05-08T04:57:37.284Z","normal"
"8044e65a-c83f-432c-ecb2-f78a08bb0e09","INSERT","2025-07-11T20:54:13.635Z","normal"
"a8d5dd3e-7884-431a-de1f-2f57d1c9f251","INSERT","2025-07-11T05:03:14.512Z","normal"
"ba8a8f83-70f9-4ab4-7b25-8f3b9d2ca1fa","INSERT","2025-07-23T01:42:25.012Z","normal"
"62cdbf85-8eed-47af-8fd4-30a2ca244fe9","UPDATE","2026-03-29T00:02:31.554Z","normal"
"39fc2f13-e055-4e86-35bd-59e14c9243ca","UPDATE","2025-08-08T02:18:25.749Z","normal"
"bbe933e4-5872-45ca-788f-9e530e0e1df4","DELETE","2025-12-17T16:57:45.061Z","normal"
"85b927b1-b750-440e-20be-3962a83d3f9c","DELETE","2025-05-22T15:01:49.680Z","normal"
"75a1ff4f-e30a-4da8-4fa3-8d6f22e62a04","INSERT","2026-02-16T15:19:55.678Z","normal"
"d523fc8c-0a91-49f4-803a-f6b158beb6e7","UPDATE","2025-06-21T15:02:30.986Z","normal"
"eba0e14f-4327-47b5-5a80-c29f1d89df98","DELETE","2025-12-05T06:59:13.618Z","normal"
"39165bb0-b918-4881-60ef-62f71fbc897e","DELETE","2025-09-21T06:02:38.708Z","normal"
"b2c5a8e6-e438-49f5-1fe3-011dcee94dde","DELETE","2025-11-21T01:54:33.392Z","normal"
"5c205929-617b-487d-6ec1-8eec54cc05b8","INSERT","2026-04-03T06:14:38.367Z","normal"
"0e50809e-8b48-45bd-ff9d-a21540224fe8","DELETE","2028-04-09T12:28:20.300Z","timestamp_anomaly"
"8595e8f5-0187-4894-9519-3e7432e9a477","DELETE","2025-07-17T14:04:46.290Z","normal"
"1c7e00ec-9d82-4843-32c0-8b0f697ca13a","UPDATE","2025-10-30T05:44:13.652Z","normal"
"121e1c28-8fbb-4588-eea5-7163ef258008","INSERT","2026-03-04T19:16:11.354Z","normal"
"f640d7ce-7957-4b8e-7018-69b60e207254","INSERT","2025-04-19T09:07:53.838Z","normal"
"0db1b05e-3e44-4996-a905-4b79eaf8f0ba","INSERT","2025-05-05T09:03:20.994Z","normal"
"6198f1b9-e092-45c4-5de1-49bf6d9e6436","DELETE","2026-03-11T19:22:03.666Z","normal"
"bec3690e-df3b-4a01-cf4f-3897ea977a12","DELETE","2025-10-22T10:29:26.360Z","normal"
"89f5d116-4df7-4d8c-3e27-acc528b891aa","DELETE","2025-10-20T08:15:11.625Z","normal"
"0183a337-d587-4b2e-4542-2c0a4f8b2f80","DELETE","2025-06-17T11:55:10.731Z","normal"
"5e69aba7-7df8-4cd2-70e8-5d32280d768c","UPDATE","2026-01-14T11:38:40.719Z","normal"
"75c463d9-c4df-4567-8095-095045603dcc","INSERT","2025-07-25T19:07:39.192Z","normal"
"7d198008-9013-47ab-df27-181773c5da8b","UPDATE","2026-02-17T00:54:45.463Z","normal"
"8d41a5f3-7435-4a79-0ad0-02c052b549a3","DELETE","2025-09-25T20:48:41.339Z","normal"
"816bc890-377f-4f9e-4f69-17850c5a0c26","DELETE","2025-10-21T19:29:52.362Z","normal"
"de44417f-da98-43de-c985-3a4ecdb52202","DELETE","2025-09-27T21:26:59.825Z","normal"
"c9a53312-6ab1-4174-75e0-9188734e351a","DELETE","2025-05-25T11:15:48.799Z","normal"
"5286f7b2-f98b-4c05-54b0-03bd27f3d2f9","DELETE","2026-04-05T13:44:51.033Z","normal"
"cd2aafb4-fff6-4574-117f-58b28d67c87e","INSERT","2025-07-22T21:57:24.194Z","normal"
"e0ce7fa1-9c94-4b35-30a7-b6ade060affe","DELETE","2025-08-14T16:06:11.327Z","normal"
"cfb78892-1181-41f8-d12a-cef98df99d73","DELETE","2025-05-06T23:50:22.030Z","normal"
"295e47cb-5c29-4ae6-4cf1-34eda1f60a77","DELETE","2025-09-27T14:39:12.708Z","normal"
"f2344e44-c032-4405-644c-e2b674923e1c","UPDATE","2025-08-24T05:34:05.724Z","normal"
"7447c446-e127-4b8f-1016-5532f74b8f11","DELETE","2025-09-07T22:41:46.221Z","normal"
"e316602f-8027-4f9d-039b-d079e9989ec9","UPDATE","2025-06-09T06:27:14.794Z","normal"
"a92958e8-a029-4736-2970-af5c37fcdda5","INSERT","2025-05-12T06:48:54.566Z","normal"
"4470cb85-c16c-49aa-54ab-59fe1cdfcc96","INSERT","2025-05-21T06:10:58.722Z","normal"
"c6f4232c-9df8-462b-a56f-163ed40d44e6","INSERT","2026-03-10T01:35:19.470Z","normal"
"cec8d06a-d42c-4e73-02ee-9b3a368ab8c9","UPDATE","2025-09-15T02:40:35.023Z","normal"
"6efc45e8-4566-4dc7-f7b0-e2b15f6ef638","INSERT","2025-11-11T06:57:15.169Z","normal"
"a34d1bc3-db2d-4fc7-f5ff-5dd9f52db927","INSERT","2025-09-27T12:16:53.069Z","normal"
"eacd4dfe-73a2-4b09-e50d-8c36a76d36a5","UPDATE","2026-03-27T23:28:23.982Z","normal"
"ad99eb42-655e-4780-d626-7262de7c4b1b","DELETE","2025-08-03T13:06:03.297Z","normal"
"03a5416a-ae3f-458e-1194-1bb16219bf3a","INSERT","2025-12-22T19:35:17.516Z","normal"
"e5781e7a-1f14-4824-8faf-e9111ff69f72","UPDATE","2026-01-08T00:34:10.457Z","normal"
"cd010628-8081-4804-9317-ecb0ed5c5766","DELETE","2026-03-13T08:12:07.695Z","normal"
"5b51fefc-dce7-4c9b-ea2f-839119b5c445","UPDATE","2026-01-22T22:28:02.220Z","normal"
"787214fe-d7f9-4dd5-b0e6-468d846641c5","DELETE","2025-06-14T13:12:56.894Z","normal"
"d26fa1b6-0c1b-47b9-204e-0ad0466f8a29","UPDATE","2025-05-10T13:47:59.496Z","normal"
"d10a038b-ad0a-49fb-8080-404ca262d673","UPDATE","2025-05-20T02:34:02.549Z","normal"
"c165dffa-6de1-4296-50fa-912d36f48d56","INSERT","2025-09-06T06:46:01.362Z","normal"
"1f61a5ae-0217-484b-b978-d6b3151d0117","DELETE","2026-01-13T20:57:13.064Z","normal"
"67a61ee3-adba-4036-1f48-080512fa5588","DELETE","2025-09-19T15:07:44.323Z","normal"
"8a02d9d9-8c7c-429d-ead3-63e79e7ca3b7","INSERT","2026-02-12T01:32:24.622Z","normal"
"4585009d-8407-4b30-115a-70bc936106c4","INSERT","2025-07-05T00:47:59.954Z","normal"
"a321221b-a756-4e5f-eae7-f5187b081a9b","INSERT","2025-11-26T02:22:23.347Z","normal"
"7555f185-d38a-4ca1-b7e0-4eb67a988995","DELETE","2025-12-25T05:59:59.765Z","normal"
"f270adc8-e172-4e44-fb00-edb521570f5e","DELETE","2026-02-04T08:58:50.627Z","normal"
"ccbb180e-34d5-4610-c26f-682bbc6b285e","DELETE","2025-04-26T07:41:15.690Z","normal"
"1d7796f1-fd64-4c07-06d0-9d17d016a151","DELETE","2025-10-28T21:18:48.699Z","normal"
"79f514b6-4a83-44dd-691e-5d796f6c2e9a","UPDATE","2026-03-06T10:19:41.947Z","normal"
"222c7bfe-2389-4739-7061-ae91e7dfdeaa","INSERT","2026-01-06T07:26:45.953Z","normal"
"0e53017f-c353-4128-83ad-b7885534d60d","INSERT","2026-02-06T11:21:10.076Z","normal"
"0add15f8-f9ac-4604-3424-3b75e0559e31","UPDATE","2026-02-11T08:54:29.053Z","normal"
"01a66f8f-5581-4455-0ba8-b948bb29c59b","DELETE","2025-10-13T02:43:21.940Z","normal"
"dd315d24-daa1-462a-81a9-e4e2841b5a06","DELETE","2025-08-20T08:56:35.104Z","normal"
"c96fed37-774f-4b93-36b0-cc2df600d4fc","UPDATE","2026-02-19T04:26:56.782Z","normal"
"7d107e02-8b86-4010-a526-d393559e2973","INSERT","2025-07-18T20:19:19.288Z","normal"
"6e00972c-d010-4843-25ec-fb357c88ac58","DELETE","2025-11-06T19:06:59.206Z","normal"
"86a8fcff-f0d9-4f0d-9f03-889b1a783d98","UPDATE","2025-07-25T12:41:10.605Z","normal"
"cab5fe21-9d35-4876-58ad-9d81de4ee264","DELETE","2026-01-29T13:38:38.168Z","normal"
"65a178a3-a05c-4e75-741c-4c29673b6625","INSERT","2025-07-22T01:13:38.585Z","normal"
"f32720fb-4221-4add-6eaf-9e9fddcc83b7","INSERT","2025-12-19T11:36:31.037Z","normal"
"3487433f-8452-426c-19d4-db315b4f27d6","DELETE","2025-08-04T19:00:23.921Z","normal"
"2c0417b7-0781-46da-618c-0fde3a30b124","INSERT","2026-02-15T22:41:33.597Z","normal"
"9bed88f9-2dfb-43e3-5353-54e4c96a17a6","DELETE","2025-05-08T22:45:07.606Z","normal"
"b945d99c-52e3-4e1f-f329-def4078c075d","UPDATE","2025-10-01T20:49:16.197Z","normal"
"7f1ec20d-b46c-49b4-e6fa-c8f0724a2ffb","DELETE","2025-07-03T01:44:38.307Z","normal"
"3a427ec7-5c4f-42cd-bc33-c8bc167b1ce0","INSERT","2025-12-26T12:43:21.724Z","normal"
"bdedc1d7-7fb7-4053-765d-443533d15c76","DELETE","2026-02-28T00:20:31.967Z","normal"
"ac809777-4476-421f-3128-50b89d049a92","DELETE","2026-04-07T12:18:20.635Z","normal"
"a5254f53-be1d-4097-a6dc-9bce8597aa2e","UPDATE","2025-10-17T10:56:55.869Z","normal"
"c8ade7b2-0c63-42bf-e772-01f949c63dc0","INSERT","2026-01-30T01:10:08.834Z","normal"
"c51123b1-04d8-42ee-dd8c-409c8405a314","DELETE","2025-09-14T07:18:22.810Z","normal"
"7a394129-18b4-4eea-9c0c-00dde0e0f5a9","DELETE","2025-10-29T22:31:25.228Z","normal"
"005efadf-0e4c-43f5-3fcf-94d6c406d172","UPDATE","2026-01-22T00:16:58.871Z","normal"
"65476b7a-95a5-4ec4-6b7b-16725fc52bb9","DELETE","2025-10-21T11:49:48.528Z","normal"
"a0ad5bcb-5ce6-4685-cf88-e45fc23d5e69","INSERT","2025-09-07T01:51:05.901Z","normal"
"7ef46225-0bdf-4cc5-0cc5-7d5d0876a184","INSERT","2025-10-09T08:26:26.394Z","normal"
"7a881d27-a698-44f7-0e2c-19631ac90bec","DELETE","2028-04-09T12:28:20.300Z","timestamp_anomaly"
"2d2a7bc8-1094-4d61-6c92-fbcdd7255571","UPDATE","2025-09-28T04:12:11.145Z","normal"
"863ac93e-7190-418b-c227-d44070671cc6","UPDATE","2025-11-24T01:16:49.005Z","normal"
"10e31325-2a6d-41b7-70b3-993f74bec3f6","DELETE","2025-12-17T13:18:41.940Z","normal"
"c227d6ed-0d63-4ea6-6461-756a3fff1b7f","DELETE","2025-12-11T10:28:48.017Z","normal"
"a16fb848-028c-47b6-e5f5-54827b7615a0","DELETE","2026-03-16T05:26:07.321Z","normal"
"83c5648e-540f-494e-6e74-8e67ca9e9b20","INSERT","2025-04-18T11:22:18.762Z","normal"
"a28a99a1-ade2-4013-6227-517401da105b","UPDATE","2025-11-21T19:00:28.919Z","normal"
"943fcdfe-24ea-4348-cb83-eb90bce71169","INSERT","2025-11-27T22:41:31.673Z","normal"
"54442e42-8081-4c13-6fd4-98e611bd4940","UPDATE","2025-10-15T02:03:48.150Z","normal"
"d0bbf1cc-6e35-458c-b56c-c452b807d1a0","UPDATE","2025-10-04T21:27:20.792Z","normal"
"384f98b7-672a-418e-a829-560ab9659c83","INSERT","2025-09-19T19:14:00.063Z","normal"
"74ca60e0-b6b9-428c-96c1-b238f548b278","UPDATE","2025-10-13T23:02:13.148Z","normal"
"e494e48b-295e-4708-d29c-f241ae501654","UPDATE","2026-01-24T01:59:27.785Z","normal"
"7fd3fd3c-c7fa-4c7c-daee-ed00cc463816","INSERT","2025-07-12T19:27:19.994Z","normal"
"b6c1a724-f324-428e-e181-399c39419c89","DELETE","2026-03-18T09:33:35.158Z","normal"
"73bcc8f2-419d-40b4-3466-462542a9172d","UPDATE","2025-11-10T18:13:02.290Z","normal"
"e1843020-ff61-4849-40d1-b5ede4676f08","DELETE","2025-12-12T14:21:44.504Z","normal"
"2f64b44c-a914-42ac-84f6-193cb8b1d4bb","INSERT","2026-01-01T16:12:59.902Z","normal"
"7f7710ad-bc7e-4e90-dd48-41fb61140fff","UPDATE","2025-08-27T08:56:34.541Z","normal"
"9cac8dca-dfc5-4876-2a8a-ede0300754da","UPDATE","2025-11-19T22:42:56.006Z","normal"
"eac785a6-c984-439f-8175-70f8b9975b2f","DELETE","2025-04-13T23:03:24.040Z","normal"
"5546a53b-8852-4d16-c013-0725b61b1656","INSERT","2025-09-29T23:39:09.290Z","normal"
"b09b4b2e-2868-4282-f803-b37516a91b47","UPDATE","2026-01-05T08:18:56.745Z","normal"
"8ba64978-1db2-4215-c90e-f3148db2eae6","UPDATE","2025-12-08T10:10:58.103Z","normal"
"0e7e0d39-ae8e-4f3a-8e82-865edb7fafd2","INSERT","2025-11-18T20:45:01.957Z","normal"
"f98a8bae-75cf-4bbd-744e-7c60424e1b08","UPDATE","2026-03-10T10:12:38.218Z","normal"
"53d32b81-cd04-4adb-367d-da0aa8338de5","DELETE","2025-07-02T23:43:32.537Z","normal"
"13a601aa-3613-4cfc-6b67-c43d8ef50d51","INSERT","2025-07-15T09:11:49.010Z","normal"
"5c82ffab-49e7-4150-84be-d35446df2a5f","UPDATE","2025-06-07T07:55:50.937Z","normal"
"4a6916e2-62e6-4836-8c39-a707de98cd5b","DELETE","2025-09-09T12:47:00.221Z","normal"
"78d9a916-775e-4c60-3ca6-65f09c159048","UPDATE","2026-02-27T03:21:45.460Z","normal"
"353cead9-4278-49e7-9c8b-b41b90b7e955","UPDATE","2025-08-20T15:43:42.859Z","normal"
"ffe1a140-d7e0-411e-f427-c1ea6b81d2cf","INSERT","2025-09-16T07:17:34.204Z","normal"
"bad9cb39-8094-4fe3-3716-499c45765fe9","DELETE","2025-06-12T14:48:54.779Z","normal"
"36976317-35cc-4305-3400-41ad761c57db","DELETE","2025-08-18T12:41:01.963Z","normal"
"f8af7c69-f2f4-477a-1dd5-e21504781bce","DELETE","2025-09-23T19:12:33.552Z","normal"
"6e1bfe57-4960-4d84-6904-db0059bc39cb","DELETE","2026-01-20T09:17:02.082Z","normal"
"4f460493-3a81-4eb8-1474-82954c9044f1","INSERT","2025-11-19T09:37:13.064Z","normal"
"438dbe05-156d-48ce-ce25-c8575e71a353","UPDATE","2025-12-15T20:14:27.576Z","normal"
"908a1b69-8465-49fa-8ed4-4b6693d42c01","INSERT","2026-03-04T06:13:27.152Z","normal"
"403fc948-7b6a-46f2-8330-432762d01a89","DELETE","2026-04-07T08:46:33.160Z","normal"
"11fe548b-4281-4ad6-d04e-ad4da8512f7f","UPDATE","2025-12-02T21:26:29.494Z","normal"
"84abe90f-7e56-4108-3772-841c02a4aa44","UPDATE","2025-07-30T22:42:23.761Z","normal"
"65feb8e2-b734-4555-153e-595d7ee01d6a","DELETE","2025-11-03T10:52:54.070Z","normal"
"0ca1b40e-0805-43ea-a598-1ad82e29a2db","UPDATE","2026-02-17T19:02:06.478Z","normal"
"c090a4a6-4f9b-4db6-869d-64954dccc335","INSERT","2025-06-15T05:33:15.385Z","normal"
"39a3b7d0-5fb4-4b2b-5ecc-0a385e0a6769","DELETE","2025-06-14T11:54:17.433Z","normal"
"c67fcc19-94f6-43cc-3939-ce2f0b450eb6","UPDATE","2025-10-29T02:56:21.243Z","normal"
"abbbb824-281f-48a0-101c-8de2427b124d","DELETE","2025-12-11T18:13:09.347Z","normal"
"4e5bb716-e9c9-4b1c-b4d0-9ff332705499","UPDATE","2025-11-03T17:31:11.677Z","normal"
"268f6b68-1242-480d-216f-2b624209e98c","INSERT","2025-05-25T18:14:07.776Z","normal"
"329332b1-b7ad-4178-b6b9-46028178d5aa","UPDATE","2026-02-16T01:46:47.017Z","normal"
"db42c00e-c8e2-4269-d06b-8a90435b581b","INSERT","2026-03-19T07:16:26.256Z","normal"
"e7b3bde4-3ff6-42f2-b744-b8c9e3f69356","INSERT","2026-01-19T11:30:16.779Z","normal"
"c29521ec-1ecb-45ee-bb2d-9ac4bb7b586f","UPDATE","2025-08-24T08:26:04.739Z","normal"
"f00c0ea8-218b-40a6-e0ad-6c869817623a","INSERT","2025-09-22T20:38:41.697Z","normal"
"328e1442-da9f-4a20-e91e-1634d7d16c98","UPDATE","2025-11-13T02:01:59.518Z","normal"
"c6294f26-387d-41c4-e303-c058d887f9b6","DELETE","2026-03-13T09:18:28.993Z","normal"
"86f98ffc-e22b-4151-7cef-ed0625b346e2","UPDATE","2025-10-12T02:53:37.721Z","normal"
"7ce717c9-982f-4d6f-0810-a4da4747718d","INSERT","2025-10-01T11:32:18.187Z","normal"
"f97a214c-0ee1-44d7-5a4b-eef3c1796e7c","INSERT","2025-12-15T04:45:03.224Z","normal"
"9a942eb7-44f7-4830-0ea0-002cf7d04519","INSERT","2025-09-16T09:01:50.489Z","normal"
"de869e2c-a78d-4c5c-fec4-42475d49f0d1","DELETE","2025-06-24T19:26:27.814Z","normal"
"536d687b-075b-4fe8-b9fc-c123d9291468","DELETE","2025-12-11T01:12:06.730Z","normal"
"057f1084-88c8-4997-39d2-b6ac29e47bdb","INSERT","2026-01-04T03:17:43.022Z","normal"
"06a8cc35-8000-450e-ef45-ed4620152c25","DELETE","2025-11-21T08:38:13.688Z","normal"
"ee012a4d-1ea0-409b-4453-a642c82ecc49","INSERT","2026-04-08T07:57:07.460Z","normal"
"7e7d5a38-d2ef-4eb5-e217-6adaf6616eb4","INSERT","2025-12-30T06:08:07.899Z","normal"
"41b7e851-692e-4623-d3d5-fc1116449cf1","DELETE","2025-08-21T23:53:06.145Z","normal"
"b1c54e14-b11a-444d-0fe6-9fb9fcdd60c2","UPDATE",,"null_injection"
"24c8b04a-20da-41cd-f300-a5e8b4d00a9d","INSERT","2025-12-22T04:01:10.291Z","normal"
"51ce1da7-e8d0-468f-0a2b-01e09aa2cb55","INSERT","2026-02-11T23:49:39.029Z","normal"
"2c688d06-5de9-4d75-d8f0-c457dda34236","UPDATE","2025-09-15T09:30:21.429Z","normal"
"c2759c0f-3489-4faa-7b05-436bee957d96","INSERT","2025-08-27T12:48:35.420Z","normal"
"1b79b3c7-d952-4d86-d9ad-25c6615db4a8","INSERT","2025-11-14T09:34:23.184Z","normal"
"805bef8a-d2d1-47c6-94c3-8f21446e7bb0","DELETE","2025-09-01T09:44:24.324Z","normal"
"79bb56cb-6180-4919-a5f4-054dbed4ef48","UPDATE","2025-05-28T14:14:35.243Z","normal"
"d7d28549-20d8-4914-8ad9-7640b64fae0d","UPDATE","2026-02-02T21:40:16.027Z","normal"
"6c41a819-4aba-4a8e-fa7a-fe1888c8ad38","UPDATE","2025-08-13T16:39:15.794Z","normal"
"ef0fb2cd-4abb-4810-740f-084afabc8b81","UPDATE","2026-03-04T09:27:55.590Z","normal"
"399999ce-f52c-4c92-ac65-2ceaa5188544",,"2026-01-25T16:38:01.366Z","null_injection"
"912cf811-f63a-4e7b-91db-b2baa053cd1e",,"2025-11-05T02:42:06.671Z","null_injection"
"afb0082a-3004-4df5-87a6-1877d8ac6253","INSERT","2025-06-27T06:17:21.543Z","normal"
"677c3460-c9e7-48eb-778f-275c2ee54f6d","INSERT","2025-06-09T08:37:03.414Z","normal"
"5941eb4b-461a-4cb8-0478-8da2772d3f10","INSERT","2028-04-09T12:28:20.300Z","timestamp_anomaly"
"65a354c9-b156-462a-564d-75a718a90497","DELETE","2026-02-26T08:52:57.083Z","normal"
"9c380056-07c4-4e8f-25e8-fcb13e01d7f5","DELETE","2025-11-11T09:21:34.604Z","normal"
"c3f96cc6-dce2-42f6-3bd3-855765491eb2","INSERT","2025-09-06T16:12:56.701Z","normal"
"f7170939-64a1-42a2-3b12-aa3d9b1593bf","INSERT","2025-09-14T11:41:31.949Z","normal"
"a08e3630-d36b-48fa-d058-4b45074b79a7","DELETE","2025-09-08T09:55:39.362Z","normal"
"db842eff-77aa-4b72-5d4e-f189a3a5ca8b","UPDATE","2025-10-14T14:43:19.699Z","normal"
"6437003f-ecf7-486d-cdbf-8de9bab36d52","UPDATE","2025-10-18T11:09:29.951Z","normal"
"b1c70d14-a58d-4789-471f-e717727cc404","INSERT","2025-11-20T00:12:32.146Z","normal"
"e22dcce8-25ff-46c2-1412-58654cba3359","UPDATE","2025-10-27T07:08:51.509Z","normal"
"76ce1c03-2835-48e8-46e8-8b5412fb97b6","INSERT","2025-07-02T21:54:59.624Z","normal"
"bdcf1df8-7be0-4cc1-6852-2d39c2a33c3b","UPDATE","2026-03-26T20:21:02.604Z","normal"
"7e23640f-628d-4b29-f474-34863aca7d4e","INSERT","2025-04-18T18:42:19.073Z","normal"
"b1338588-ed5f-4840-04ca-5d0eaa3a3668","UPDATE","2025-05-02T23:20:44.524Z","normal"
"13186800-7e0a-4869-6fd1-04a610aecbe9","INSERT","2025-06-14T21:42:24.030Z","normal"
"44307b73-4e47-4ba5-a3aa-5ae717b6fcde","UPDATE","2025-10-22T16:51:47.229Z","normal"
"eaf38ced-f840-4883-4090-237c6bed49d7","DELETE","2026-01-28T18:35:47.310Z","normal"
"74f4bdef-46cb-4e04-9c2a-1fd1c333e16c","INSERT","2025-08-30T11:50:27.582Z","normal"
"88306ce5-47eb-4603-f3fa-706b45149a1a","UPDATE","2026-01-05T16:22:17.007Z","normal"
"e08ad9d8-d61e-41b1-ce5b-6eb1a65b155d","INSERT","2026-03-26T03:21:07.024Z","normal"
"d35d2324-41be-4cd1-6afa-a0718d0884db","DELETE","2025-08-02T21:53:58.331Z","normal"
"f4c7c00b-6a2a-45fb-62ff-c3f6f5b17996","DELETE","2025-05-12T21:33:27.089Z","normal"
"872fd447-f908-4bb1-43c3-e5e1c992d559","INSERT","2026-03-26T15:53:19.480Z","normal"
"96a29937-a189-48d6-01ac-a97d668a2933","INSERT","2025-10-18T03:37:22.717Z","normal"
"494b4517-372c-4d59-2eb4-8fce1aa6f31f","DELETE","2028-04-09T12:28:20.300Z","timestamp_anomaly"
"3a092fc2-0d16-4402-dcd1-5e274d816ae4","DELETE","2025-05-10T16:37:53.579Z","normal"
"cf83bfd2-dfd9-4047-b284-3b1b0a2cd858","DELETE","2025-07-08T08:30:17.415Z","normal"
"3ad20026-104a-406b-30ff-1c8299ef16f5","DELETE","2025-10-06T21:34:17.803Z","normal"
"f5850f8c-225f-4639-4dd4-07a88ff0873f","INSERT","2025-08-16T16:32:04.928Z","normal"
"b113cb63-b340-40ce-814d-27d0eaf2bc9f","DELETE","2026-02-26T02:57:57.920Z","normal"
"fbeef6aa-1488-4922-8966-fa06bcfe05c8","UPDATE","2025-12-30T21:20:15.879Z","normal"
"d37a34de-3ff8-45e3-7097-13fae9cf001b","DELETE","2025-10-29T10:00:37.081Z","normal"
"c4df72ae-74d1-4180-b2c2-19d14f6b55a3","INSERT","2026-01-06T03:36:02.945Z","normal"
"5d7b92f7-a9cb-4d9e-e8c0-75abbdd1a1f3","INSERT","2025-08-02T18:44:27.070Z","normal"
"c05ad0d5-6d55-4ec8-0b23-237adff01fab","DELETE","2026-01-16T10:05:23.989Z","normal"
"144e3c04-96d4-40b6-19ce-19dd2705fa52","UPDATE","2025-05-25T08:44:49.670Z","normal"
"b11b5737-a68b-4fbd-734a-bd02c242f993","DELETE","2026-01-19T19:16:01.320Z","normal"
"3b917fb5-498b-4af2-4330-ae4b7dd0b600","INSERT","2025-05-18T21:27:02.351Z","normal"
"99fb4423-e7e9-4f4f-4e64-81bd1fab9c89","DELETE","2025-12-28T02:00:26.742Z","normal"
"beaf7934-f82d-4acf-5b75-caa64f1ef13d","DELETE","2025-11-16T04:22:27.785Z","normal"
"fd9c12cc-a52a-40f0-981d-b3f1ad274235","DELETE","2026-01-10T13:43:02.304Z","normal"
"fbdce40d-2152-4fd1-8a06-ac2b8044add3",,"2025-09-05T12:19:14.333Z","null_injection"
"7a173fe4-0537-468a-1d51-c57d14b437e8","DELETE","2025-10-06T22:24:22.976Z","normal"
"376b95fd-1b54-447c-bd2f-ce9113fe8423","UPDATE","2026-04-09T17:38:36.985Z","normal"
"51528758-e913-43d9-3ef1-e859a7d63c9f","INSERT","2025-12-18T18:13:23.850Z","normal"
"edff3b45-5361-4453-9072-c7dd029debac","INSERT","2026-03-29T15:00:05.176Z","normal"
"c152cb11-f0e8-4fb8-6a51-4294f276a71a","UPDATE","2025-10-23T18:19:08.212Z","normal"
"02e5231f-2f61-4ef6-b778-81da6b789797","INSERT","2026-02-03T10:23:19.845Z","normal"
"1d470a12-4f8d-4821-76be-3e1bfb068988","DELETE","2025-07-16T22:01:30.143Z","normal"
"c4ffbd50-4879-4f32-4f85-f58a26aef842","UPDATE","2025-04-18T06:09:59.106Z","normal"
"4dec16ab-0ab6-4c06-0110-1949d61408ee","INSERT","2025-06-10T12:44:10.531Z","normal"
"8f3f3ea7-d912-4b54-b2bb-46bd195a865c","INSERT","2025-08-01T00:36:02.261Z","normal"
"7e2834be-ca32-44e1-9c56-f741b7aaec46","DELETE","2025-11-04T22:59:27.648Z","normal"
"9fea3cb9-887b-4b61-be45-67b66b030b32","UPDATE","2025-09-21T12:48:35.541Z","normal"
"9d13370e-6faf-487a-a9ff-a095006f26b6","UPDATE","2026-02-22T21:18:21.495Z","normal"
"d77d2986-edd4-402e-7d4d-21cdc8acfd98","UPDATE","2025-12-31T06:52:11.792Z","normal"
"e995dd60-22ec-4aad-479f-d0a937a84315","DELETE","2026-03-03T22:12:28.788Z","normal"
"70d9ff38-b024-4766-150f-03b9ab96df9a","INSERT","2025-06-23T04:30:49.242Z","normal"
"4cc58a79-4120-4b32-09d3-63f495419d98","UPDATE","2025-09-02T09:18:31.578Z","normal"
"b957b256-9ab4-45b3-7a86-85593b08c9fb","UPDATE","2025-04-24T15:04:28.827Z","normal"
"c5bf8e76-a2ad-40e6-b121-1845d1ba0f98","INSERT","2026-04-09T21:07:26.240Z","normal"
"8695a869-5c52-44d1-0cde-d34177aa7871","DELETE","2025-07-06T01:04:05.419Z","normal"
"4afa4d3c-64b0-4b76-bfce-6a4b90d503d1","UPDATE","2025-06-29T23:07:51.301Z","normal"
"8558b49c-0e76-4a6e-c7fc-21ebd1a26329","UPDATE","2025-07-22T18:10:46.913Z","normal"
"f8944169-7e8b-4b3a-3077-039dd1e00e05","DELETE","2026-03-14T20:09:50.447Z","normal"
"1534ecf9-9750-446a-83a0-a741797b641f","INSERT","2025-07-12T09:08:52.822Z","normal"
"7455ccf3-813d-4004-9ebb-12fa0bf66c98","DELETE","2026-03-01T20:27:59.123Z","normal"
"2e0ba896-a027-4a44-3c95-d036d430057e","UPDATE","2026-03-21T15:00:58.215Z","normal"
"a6927133-a581-495c-d44e-f7ec8adcc877","INSERT","2026-04-03T03:30:45.284Z","normal"
"ae1079e0-4dfe-44fa-bae4-c239023be313","INSERT","2025-12-31T01:26:01.378Z","normal"
"fb8dfb88-2a73-4378-564e-4d1166fe1916","DELETE","2025-10-22T12:59:25.633Z","normal"
"74ea5136-9322-462b-0edd-ce915824b884","INSERT","2025-12-25T08:10:02.390Z","normal"
"971ce5b2-e02e-4539-8d43-1e87c30368ac","DELETE","2026-03-06T09:12:32.445Z","normal"
"dce52a41-fd05-40f8-5258-881a26a0ec31","UPDATE","2025-06-05T10:21:17.734Z","normal"
"0d6d9baf-db27-4694-0584-5a1c0326a777","DELETE","2026-03-12T17:20:17.495Z","normal"
"dd58e660-8ec8-4804-81f2-e60bd825a7a3","UPDATE","2025-11-12T01:21:32.157Z","normal"
"947d0bc4-8b86-4e3d-b3ee-71979ff8bbcb","INSERT","2025-09-17T20:47:42.469Z","normal"
"02716e11-45fd-4b43-1af9-f983a7716844","UPDATE","2025-12-11T13:10:37.649Z","normal"
"d65e5925-a1f4-4c9b-d06c-50b8ed889022","DELETE","2025-05-03T10:54:38.658Z","normal"
"e4308356-5e20-4996-a6c4-70b0a32be522","DELETE","2025-09-18T17:39:30.944Z","normal"
"5a4e0b73-20d1-4b5e-3fae-fc20e425debd","INSERT","2026-01-14T18:30:53.137Z","normal"
"dd5de391-fd45-493a-d395-511d67b4d034","DELETE","2025-10-30T00:54:32.645Z","normal"
"db9bcaef-1b7c-4ded-5ee1-6feb781d58d2","INSERT","2025-08-25T02:40:50.790Z","normal"
"9fff3517-2887-4b8a-df9a-3df50099aafa","DELETE","2025-05-22T08:39:29.277Z","normal"
"e32b6de3-316f-46b9-1e51-52e441db0df5","UPDATE","2025-08-25T21:41:30.472Z","normal"
"653c4248-d41f-4947-1251-c962d9384821","UPDATE","2026-03-31T15:14:31.883Z","normal"
"901b8392-0bf7-4fef-1c63-37f4fb865c28","INSERT","2025-08-06T18:36:42.647Z","normal"
"fb5c677f-d9c6-4be1-4c47-8cfa7859e2d9","DELETE","2025-07-31T06:52:51.775Z","normal"
"6b1c4150-86c7-4a91-73ed-3fbc472f1cb2","DELETE","2025-08-17T06:32:21.810Z","normal"
"88564bf0-405f-40e9-a2da-0e8f5faa5cd0","INSERT","2025-05-30T16:34:49.167Z","normal"
"65570769-7020-46b3-fdd1-bb9c2d754c93","DELETE","2025-10-28T12:33:02.502Z","normal"
"54bd864b-26d3-4a08-017c-fc250d00be5a","UPDATE","2025-10-06T18:25:51.522Z","normal"
"d2798c10-0d64-4c06-007c-f08523b283b0","UPDATE","2025-09-02T18:07:50.533Z","normal"
"d84413eb-6f44-467c-399a-8a4c47acc1a6","UPDATE","2026-04-10T07:25:08.390Z","normal"
"3f96a08f-09dc-4fd9-6155-3ff109b58254","DELETE","2025-09-13T08:16:30.814Z","normal"
"71951df7-1292-4c5b-7f3a-eadfab4336da","DELETE","2026-01-03T00:25:47.410Z","normal"
"2d703a73-34c8-4f0d-82d1-6a3834ac5386","UPDATE","2025-09-17T07:51:55.291Z","normal"
"04332817-3f5a-42f3-2dc8-8563ee3c6eea","INSERT","2025-08-20T15:05:49.775Z","normal"
"5fe57016-0e57-4d2f-a2b9-c033e51f8dc4","DELETE","2026-01-27T17:58:01.331Z","normal"
"bd31c5bd-fa04-4224-2206-759429371f1a","UPDATE","2025-06-20T12:34:03.438Z","normal"
"18abad4f-4151-47ad-6a76-92840cd78a26","INSERT","2025-04-14T02:39:45.692Z","normal"
"8799240f-432d-4d18-eea5-dd90907400c0","DELETE","2026-02-14T01:02:56.630Z","normal"
"e9e856c3-c452-40ad-4186-a66f8d5f9fe1","UPDATE","2025-08-17T08:06:48.261Z","normal"
"adf4cb83-c643-40d0-30f7-0d47f2580e88","INSERT","2026-03-20T03:05:05.825Z","normal"
"310c0e92-4568-488b-d0e0-1871811ef91b","UPDATE","2026-04-03T00:18:48.459Z","normal"
"5d77a36d-14bc-459c-ee38-87261328ee93","DELETE","2025-12-06T08:18:51.503Z","normal"
"e53d9120-282e-4ae8-0eeb-f555d9b738a9","UPDATE","2025-05-17T16:51:43.998Z","normal"
"943f1983-6ecb-43c9-5179-2d90b6dd726e","INSERT","2025-10-08T03:30:08.488Z","normal"
"c5ad25e8-92a9-4313-f3e4-363aee8d4a70","UPDATE","2026-01-15T23:40:48.640Z","normal"
"8c3f615a-0aa6-4fff-5c30-d682b6c11f3a","INSERT","2026-01-15T03:49:57.916Z","normal"
"0e5a9374-5b2d-4819-30e0-04dcce06eb36","DELETE","2026-01-26T02:41:34.054Z","normal"
"83bf39ee-860d-439d-83c2-a7887db30500","INSERT","2025-10-22T22:40:32.291Z","normal"
"2fa2b952-2422-4bbf-4685-7cddb5d197c7","UPDATE","2026-01-21T07:34:16.255Z","normal"
"48b9c361-51ff-479d-0a17-df2be3983c78","DELETE","2025-09-30T09:49:55.235Z","normal"
"4fe8a201-f531-451c-e6db-9a470a7a467e","INSERT","2025-06-15T12:29:11.317Z","normal"
"87ff323f-1984-46e4-66b7-669d974996ad","DELETE","2025-12-11T17:51:16.569Z","normal"
"448ad3cb-7146-4fe4-0dba-b443574841e2","INSERT","2025-09-20T03:59:21.382Z","normal"
"871d3028-3d91-44ef-1e12-b349de68f929",,"2025-06-28T01:35:22.691Z","null_injection"
"ad0f7d38-ba8e-48d0-f43d-7a35cd706249","DELETE","2025-09-15T21:21:29.474Z","normal"
"3dcb4a02-c005-4949-1469-3619b88e8249","INSERT","2025-05-15T05:19:55.614Z","normal"