id,trial_name,created_at,_anomaly_label
"620cec14-613c-402d-14f8-097454f444b5","City Kitchen","2025-07-12T21:56:06.953Z","normal"
"8339a9ed-e9ac-4598-af3b-1111092708df","The Rustic Fork","2025-05-30T03:58:22.520Z","normal"
"20d454b3-b343-4a0c-9c4e-2e3cf2b79791","The Local Table","2026-03-15T07:37:34.545Z","normal"
"a9dbe7e5-09d5-4f88-009f-395ba84cf8e7","The Brass Tap","2025-08-10T03:27:16.075Z","normal"
"1bcd52e5-6cce-4067-12ac-010ae2326915","Red Pepper Thai","2026-01-21T03:24:41.791Z","normal"
"7c2ab10f-573a-4674-640c-669b389ccd58","Red Pepper Thai","2026-04-06T06:27:59.893Z","normal"
"234fbd52-a35c-4ba3-adf9-fd6c8087402b","Sunrise Bistro","2026-04-02T18:30:03.843Z","normal"
"0f7793d3-d630-4edf-e048-14c6b3eb5743","Golden Plate","2025-04-29T22:50:11.846Z","normal"
"5ceec5dc-a0b1-46bb-a1ed-59c0c297c93d","Sunrise Bistro","2025-06-15T09:31:00.296Z","normal"
"11c75ac0-38a0-4c97-69ae-debee654c149","Green Leaf Bistro","2025-05-17T10:47:46.141Z","normal"
"3988ce87-f605-49f8-619c-4b74387dcca7","Firebird Pizza","2025-04-21T01:11:03.021Z","normal"
"0b5d4506-39dd-4f59-8f8c-cce27fcd9eed",,"2026-03-30T20:51:01.674Z","null_injection"
"3cac5543-8389-4ed0-3ebe-93260020f290","Mountain View Cafe","2025-10-14T13:16:40.749Z","normal"
"13613b11-a6fb-453c-439e-d0196c905f21","The Local Table","2025-05-01T00:20:39.222Z","normal"
"fe3b76fb-bea5-4b84-a9f4-2de8a98557ea","The Brass Tap","2025-09-03T23:08:18.187Z","normal"
"bc124a58-6a77-46ee-705e-a29a4133f472",,"2025-06-18T17:29:10.020Z","null_injection"
"91b8371d-8f90-435e-597d-b67b07a5eacc","The Local Table","2025-07-06T04:35:51.944Z","normal"
"899d526b-7b16-40ae-6584-e7779e4287ac","City Kitchen","2025-09-27T19:02:40.344Z","normal"
"03123d45-c6cb-4ecf-9644-d4e907281f04","Blue Ocean Sushi","2025-07-17T08:18:22.882Z","normal"
"82d660e2-b203-455b-73ee-62ab20c8b7ae","Oak & Vine","2025-09-12T04:39:25.901Z","normal"
"45f844a1-1e27-420c-843a-086f3c83a4ef","Luna Restaurant","2025-06-25T03:47:40.250Z","normal"
"fc27edae-ea96-4347-429d-971cd03da22f","Luna Restaurant","2026-01-12T11:58:18.577Z","normal"
"c689f563-837f-453a-05c6-943bac60eab1","Cloud Nine Cafe","2025-12-16T19:22:50.785Z","normal"
"e2c37f4a-c0de-4a1f-ee2d-5251c23db141","Oak & Vine","2025-04-24T00:02:52.860Z","normal"
"0ba095b6-e5b5-46c9-852d-99f4a89fc516","City Kitchen","2025-10-28T14:29:00.235Z","normal"
"2ed12f24-551e-4a73-b6a4-8aa30a86b03e","Oak & Vine","2025-08-15T22:48:23.072Z","normal"
"a115a6d6-666f-4ebf-a1de-b03846608fda","Luna Restaurant","2025-07-02T13:06:29.755Z","normal"
"a9c7feb8-b539-4e4d-7a70-02bffbd4b06a","City Kitchen","2025-08-18T05:22:29.070Z","normal"
"5410fe26-cd34-4832-f3fb-fa6ff3ad853d","The Local Table","2025-09-04T21:15:44.090Z","normal"
"97820621-5e53-47d1-ed1e-fe35893f6c56","Red Pepper Thai","2025-11-10T04:10:32.614Z","normal"
"8138f63a-87c1-49b8-530e-01299a6f21bc","Oak & Vine","2025-10-06T14:26:24.906Z","normal"
"a7aa6d92-145d-4b9b-233a-7bb1af0ed8e1","Blue Ocean Sushi","2026-04-01T00:08:59.479Z","normal"
"87f14742-0f4d-443d-212f-785142c8740c","Golden Plate","2025-11-22T17:36:14.139Z","normal"
"ab3c87d8-ab5d-4367-8439-dad6eb3195b4","Blue Ocean Sushi","2025-08-24T13:18:31.988Z","normal"
"c867688a-4813-4e4c-41cb-0d620251a35f","The Rustic Fork","2026-01-03T22:47:49.668Z","normal"
"1016d2f4-9a1e-4fd5-68e1-ba1c22877c76","Oak & Vine","2025-06-28T18:38:03.228Z","normal"
"b3c0691b-8a1c-436d-ef53-9d6b7a3db44e","Oak & Vine","2025-07-22T09:17:16.307Z","normal"
"6c68bc87-f87b-4886-f4e5-270bd9addd23","The Brass Tap","2025-12-17T09:31:53.380Z","normal"
"0511d934-139c-4d88-2eb6-2ad098a01bfd","The Brass Tap","2026-02-26T02:36:36.299Z","normal"
"c7d5422e-c240-4220-ae70-2aabc865b59e","Maple Street Diner","2025-10-09T14:24:01.549Z","normal"
"e8117824-01ad-4052-3042-f1555c064631","Red Pepper Thai","2025-09-27T02:30:25.481Z","normal"
"00a85056-cce4-45d2-4562-44eb7f091fd0","Golden Plate","2025-11-26T18:27:12.463Z","normal"
"41259a5d-b88b-4798-9786-fdf241258e6d","Golden Plate","2025-07-29T05:16:56.440Z","normal"
"4d181c77-dd59-4a29-e2b8-6eaf9ca72c39","Red Pepper Thai","2025-04-21T22:06:37.605Z","normal"
"2eae59db-a8d5-4b3b-de66-9e6b6cfbea5d","Luna Restaurant","2025-09-02T02:55:11.810Z","normal"
"7b0db4e9-e621-4c1f-445a-a38133df0bdc","Mountain View Cafe","2025-09-25T21:15:22.738Z","normal"
"5001d0b9-55ab-48a7-c3f1-f1a7f3c6b09a","Red Pepper Thai",,"null_injection"
"9184d47b-7edb-4b8f-1baa-6fdd53430e4b","Maple Street Diner","2025-08-23T12:52:33.403Z","normal"
"38514d07-4a71-4afa-24a9-0e0b702a17cd","Sage & Thyme","2025-11-26T07:55:57.214Z","normal"
"075a6051-a86b-4c1e-8ace-eb259ac9398c","Green Leaf Bistro","2026-01-20T08:59:11.328Z","normal"
"987cd20b-2283-4e99-d51a-e4554a1d6abe","Blue Ocean Sushi","2025-11-25T04:19:23.910Z","normal"
"fa8588e6-8204-43da-70a0-36f77778584e","Harbor Grill","2025-10-22T12:07:37.210Z","normal"
"50b2b76e-411c-4b99-ae2d-b1e9574dd006","Maple Street Diner","2025-07-12T09:56:02.188Z","normal"
"5ed27ae8-cbcb-43e1-6bd4-8e3f675cbf55","Corner Deli","2025-09-17T23:42:11.119Z","normal"
"fe163190-3ade-46fb-2e77-59d3f239d170","Red Pepper Thai","2025-05-20T20:50:05.031Z","normal"
"6066612d-86e6-48cf-93a6-61a2d90897a1","Sunrise Bistro","2026-03-03T05:16:17.422Z","normal"
"d474887c-057f-4d29-bd8b-42680fc58c6b","Red Pepper Thai","2026-03-07T22:09:16.214Z","normal"
"2e7d5996-71e4-42f2-c5de-8272c739b573","Sage & Thyme","2026-01-26T18:24:41.601Z","normal"
"a9f67c18-f968-4839-f08b-632a6a92c1a4","Mountain View Cafe","2026-01-22T20:33:13.038Z","normal"
"b78de3bf-5b9a-4000-4308-3ba19e87e482","Luna Restaurant","2025-08-06T22:32:09.615Z","normal"
"fb1d66e7-bfd0-45ae-eba3-41a343a184bf","Stone Oven Bakery","2025-12-13T12:18:00.845Z","normal"
"78b6c177-9e38-4901-4088-cf85f47cf3ee","Luna Restaurant","2025-06-14T10:26:41.148Z","normal"
"3f0c01ab-f621-4c39-8266-df3aa053d58a","The Local Table","2025-07-21T13:26:43.671Z","normal"
"af5c5811-9ef4-4aeb-78b8-de44384322f8","Fresh & Co","2025-12-07T01:54:41.080Z","normal"
"dbeecb20-f8a2-46d6-1540-38f4f14f5400","Corner Deli","2026-02-10T01:56:27.389Z","normal"
"853be096-f4b6-4fc8-8910-7e2117ab9305","Maple Street Diner","2025-04-24T17:26:57.753Z","normal"
"f6b41aae-dbde-431d-df91-2c6ebca2c30c","The Rustic Fork","2025-08-16T06:32:52.066Z","normal"
"436dd71b-81e2-4d19-00c3-e49be1d4bffa","Firebird Pizza","2025-05-05T17:15:02.654Z","normal"
"6c0d4237-41c5-4e0d-547a-0d476d74fee9","Oak & Vine","2025-11-28T09:33:13.720Z","normal"
"19560cca-8284-4b1c-7e7d-e951cc9e7d07","Blue Ocean Sushi","2025-11-02T08:45:17.015Z","normal"
"9bb887fd-c8a8-483d-8f09-6207bbb3f804","Sage & Thyme","2025-09-02T13:35:59.704Z","normal"
"a8868eaf-742c-432f-cccd-759376d4a2a0","Cloud Nine Cafe",,"null_injection"
"ea3ac6f9-38aa-4e1a-0552-5adb7ae7903c","The Brass Tap","2025-11-26T20:12:01.816Z","normal"
"5155d43d-15fc-4ed9-45dc-6b190693348b","The Brass Tap","2025-06-08T07:34:15.831Z","normal"
"272a0cdc-0196-4318-b9aa-5e4165ee7f19","The Brass Tap","2025-09-27T07:18:38.893Z","normal"
"0bb776b5-6c17-4bb0-35e9-68fc6715404d","Mountain View Cafe","2026-04-07T07:39:01.321Z","normal"
"647c151d-6e7a-4d55-798a-7f7d6bef680a","Sunrise Bistro","2025-11-26T04:49:59.759Z","normal"
"bc997a8d-047d-4046-3080-5e310f1bc54c","The Brass Tap","2025-08-05T15:23:32.585Z","normal"
"2ead1d94-55f0-4e92-3d6b-f3f0bc5789c9","The Rustic Fork","2025-10-11T12:37:55.020Z","normal"
"c945fc27-eb41-4f75-ca2a-fd3576f31065","The Local Table","2026-03-24T06:23:48.905Z","normal"
"8b1e72c3-db22-455b-a9f8-7d97b4362eea","Sage & Thyme","2025-04-23T10:49:49.474Z","normal"
"27a1e4db-6504-4ac1-d26c-7ae4d22da395","Red Pepper Thai","2028-04-09T12:28:20.297Z","timestamp_anomaly"
"cf8e42ec-6bbb-4ce1-73ab-fcf564cde376","City Kitchen","2025-05-08T22:30:07.773Z","normal"
"7d9656e2-e476-4565-3921-833afbe142b9","The Rustic Fork","2025-06-16T20:24:48.533Z","normal"
"f3f12423-b0bc-4e25-2c00-1494b0ba856a","Red Pepper Thai","2026-03-05T08:51:39.534Z","normal"
"02cee048-3e5c-4917-e855-574b3de82be1","City Kitchen","2026-02-04T12:20:55.344Z","normal"
"7ae30eb7-3779-4107-525e-9bb6e2c03f00","Mountain View Cafe","2026-03-11T06:00:04.798Z","normal"
"f93d3a52-3d8c-4bbf-f758-815eabb95d49","Stone Oven Bakery","2025-09-25T12:37:18.473Z","normal"
"9f9dfcd5-c1ef-408d-a65e-849d0e069035","Mountain View Cafe","2025-04-25T21:26:56.498Z","normal"
"e4d5b3c0-9efb-4fad-150c-8ef90f888773","Stone Oven Bakery","2026-03-06T06:22:30.113Z","normal"
"cbb5e0b8-fb3d-433a-cc98-808fa51bbff1","Cloud Nine Cafe","2025-04-22T19:20:03.131Z","normal"
"4df0bf14-d5ea-4749-e5ca-471af00ced2d","Corner Deli","2025-09-29T08:59:50.049Z","normal"
"2d7f538f-733c-4587-1b25-9caf7d086ee3","Harbor Grill","2026-02-07T20:16:08.684Z","normal"
"894da9ad-c342-4108-b78b-288371a94807","City Kitchen","2025-09-22T17:59:31.389Z","normal"
"100be117-48eb-4036-1d3a-11eff4da69c2","Oak & Vine","2025-09-20T21:05:25.396Z","normal"
"f34819f8-8344-4002-da9a-817c2c059597","Sage & Thyme","2025-11-29T03:51:06.060Z","normal"
"2b63ac6f-dac9-4b92-99c0-fc1455e3e36f","Sunrise Bistro","2026-02-26T04:28:08.644Z","normal"
"c70d90d0-c238-4a5b-b990-203a37648e98",,"2025-11-03T00:06:34.155Z","null_injection"
"53f40321-bf62-4f2e-94ec-ddbef23229da","City Kitchen","2025-06-28T10:38:22.949Z","normal"
"ac15ae6b-e8f1-4889-d6a1-d36ce25bdb71","Harbor Grill","2025-12-01T09:58:12.750Z","normal"
"0a8c94f6-d404-4ba5-0bef-a59685369cb3","Blue Ocean Sushi","2025-12-18T04:14:21.365Z","normal"
"43a8870c-f484-417d-a85c-5b18eff6faf2","Green Leaf Bistro","2025-07-30T07:40:42.453Z","normal"
"f578d074-21f1-4dc2-ebb3-de081cf0f5f4","Oak & Vine","2025-10-30T11:07:29.226Z","normal"
"a6ba48bf-b7b1-4919-dadf-9d19cd2cc0e6","Harbor Grill","2025-07-20T20:40:51.842Z","normal"
"8020526d-f216-4328-231f-311cc213675e","Mountain View Cafe","2026-01-05T17:52:44.862Z","normal"
"a11c79f7-8216-4771-86c8-8a437b45c119","Luna Restaurant","2025-07-07T00:57:49.399Z","normal"
"4ab13417-9046-48c6-9a98-3937e0849e6c","Sunrise Bistro","2025-05-27T19:50:03.917Z","normal"
"0380280f-5f7c-42ef-df95-b790344eb27e","The Brass Tap","2025-12-25T15:35:11.688Z","normal"
"0639dc98-f38a-4470-8c34-237b332a5c26","Golden Plate","2025-10-27T02:31:26.246Z","normal"
"a6bf9880-5797-4ac0-e61d-da8089565620","Red Pepper Thai","2025-08-31T02:13:57.207Z","normal"
"f2824405-ec63-417e-e1d6-efa1c7195324","Luna Restaurant","2025-09-18T19:12:10.711Z","normal"
"815974a1-c768-487c-a387-204514b67166","The Brass Tap","2025-07-08T18:40:05.237Z","normal"
"26c92564-cb2d-48bb-240b-04f3f46b951a","Golden Plate","2025-11-15T01:13:40.797Z","normal"
"1f3ef529-5749-4bec-8033-ac75cf128e59","The Local Table","2025-12-08T17:59:56.672Z","normal"
"fdb54955-8800-4b92-1b3c-79838764866b","The Rustic Fork","2025-06-11T16:45:58.052Z","normal"
"cb796006-a4d9-43ca-bf3d-2c6904d3752a","City Kitchen","2025-09-12T16:06:16.848Z","normal"
"2bc23bef-718a-47e2-2d12-d7f59a3e8ed7","Harbor Grill","2025-12-12T18:20:34.913Z","normal"
"5b972755-7a71-4483-5fef-11eb39f3c91d","Firebird Pizza","2026-02-19T16:14:58.050Z","normal"
"58fb4d71-6ab8-4b8b-e2a0-81e4a424107e","City Kitchen","2026-01-22T21:14:47.186Z","normal"
"d54b902a-78d2-47c2-ee2b-7cccdc33436e","Stone Oven Bakery","2026-03-09T13:09:24.907Z","normal"
"5afe9e79-0d26-4925-36ec-a48a575405e1","Firebird Pizza","2025-09-08T13:56:07.595Z","normal"
"ac2257e2-4ad4-4852-33e9-1aab43316205","Maple Street Diner","2025-06-06T23:39:38.160Z","normal"
"25e34f80-e4cb-451d-c5a5-d1aadd3dff58","Corner Deli","2025-06-30T01:56:36.982Z","normal"
"723e5d1e-a3a6-4c6f-6b9d-017963c476ea","The Brass Tap","2025-06-19T16:26:56.543Z","normal"
"b77394f2-9de3-48b5-e0d4-be0336a86ed7","Golden Plate","2025-10-03T07:29:40.241Z","normal"
"81a81965-718d-41f0-8bf1-c4b88f38f284","Luna Restaurant","2025-04-16T09:01:40.601Z","normal"
"acbfe635-0f14-4f9f-f22c-0da63e7b1af7","The Local Table","2026-01-12T11:58:07.709Z","normal"
"e1c27b06-5cee-4d11-7288-12de87280d2a","Luna Restaurant","2025-04-24T14:50:02.751Z","normal"
"61ea0d24-4f32-4add-7c3a-871eb8781be1","City Kitchen","2025-12-12T18:02:53.788Z","normal"
"ba602148-c5d6-465c-9ddc-2f0ca7f7b792","Luna Restaurant","2026-03-16T06:32:54.327Z","normal"
"1c04f73a-15f2-4ad7-8952-2c42eda48049","Firebird Pizza","2025-06-15T09:04:15.336Z","normal"
"f95df78c-50f6-4010-6e4b-87c3b16a97f1","Corner Deli","2025-07-13T16:37:38.870Z","normal"
"42b9efc1-e4a8-4060-5375-38951ae576cb","Cloud Nine Cafe","2026-01-08T11:36:14.938Z","normal"
"46bb7997-3c6e-47ad-ebe8-bc3f5c6cdc9f","Golden Plate","2025-11-01T14:25:13.237Z","normal"
"8a773f9a-9599-4983-db39-7ae93a6ab49f","Luna Restaurant","2025-06-06T22:20:19.778Z","normal"
"953fd7de-989f-44d6-31fa-af8cee1e08f3","Corner Deli","2025-07-29T10:58:11.760Z","normal"
"95af55ca-9a8f-4bf3-aae2-23e036073461","Oak & Vine","2025-06-14T18:05:13.193Z","normal"
"d2b218d0-8324-4346-9dc3-42b0fc6b7844","Sunrise Bistro","2025-12-29T07:39:15.018Z","normal"
"e8ea320a-37a3-4e30-d554-9c2b7531f3ec","Sunrise Bistro","2026-01-07T05:22:19.479Z","normal"
"f277b384-da2d-4573-c590-dd6e804fe80d","Blue Ocean Sushi","2025-09-03T12:20:14.045Z","normal"
"b5f353ed-9339-467f-a1ad-aea3bae3c89e","Blue Ocean Sushi","2026-01-15T16:55:29.486Z","normal"
"f4359b69-2a62-43d8-1bed-62b2f06d6d8f","The Local Table","2026-02-09T01:33:44.812Z","normal"
"c61984ad-2ccc-42d5-7160-21e5a88f856d","Green Leaf Bistro","2025-04-14T13:50:56.108Z","normal"
"564a36e2-026d-4371-b13d-090afa3d0e46","The Local Table","2025-07-07T16:52:53.059Z","normal"
"cb1329fb-e97c-4a23-e083-9f939f55d5e7","The Local Table","2025-08-05T15:20:24.775Z","normal"
"af8829b7-04e0-48c8-99a6-f80c752437c3","Oak & Vine","2025-11-24T20:47:44.743Z","normal"
"01df99d7-2e4f-4ddc-6877-4c12d5a5a4e1","Blue Ocean Sushi","2026-03-19T13:11:50.154Z","normal"
"be75bd73-0d78-4974-fd8f-2796d6444e6e","The Rustic Fork","2025-08-15T12:20:38.678Z","normal"
"2769c948-fbb5-4931-f157-5b3092522e47","Green Leaf Bistro","2025-04-21T12:47:23.783Z","normal"
"a7ec425c-8896-4b4c-7e27-693801f27f9f","The Brass Tap","2025-05-12T12:27:33.696Z","normal"
"b7bc2918-cb9a-42b8-0b77-f9324be51268","Mountain View Cafe","2025-06-06T21:03:06.291Z","normal"
"c02b11cc-baf4-40fa-26e4-79089fd5b879","Mountain View Cafe","2026-03-26T22:00:07.198Z","normal"
"7d0dad65-1cbf-40e3-bb46-46dfc4c7c052","The Rustic Fork","2025-06-21T09:29:28.694Z","normal"
"88d5f1db-2585-4a33-709c-cd4362407843","Mountain View Cafe","2025-05-29T19:40:37.359Z","normal"
"d32f6e84-ec2d-4345-807c-8f11aae74027","The Brass Tap","2026-03-01T15:14:48.114Z","normal"
"7d5abfc0-70a8-43b8-544f-a5e008536672","Harbor Grill","2025-08-21T18:42:48.501Z","normal"
"c8af0534-dfc2-4a0a-b854-7eefeb5dc8b2","The Local Table","2025-12-05T17:09:36.994Z","normal"
"0a1e9f02-6871-40e9-baff-2663493d576b","Sage & Thyme","2026-03-10T02:27:09.297Z","normal"
"3c66f1a3-72da-4a68-06d9-d61631f09b43","Corner Deli","2025-11-15T05:01:52.137Z","normal"
"e318a6ee-58e9-4f9a-1387-c8e7844a70e0","The Brass Tap","2026-01-18T12:50:23.844Z","normal"
"5766e687-0f9f-4d58-08fb-823f2fc279ef","Cloud Nine Cafe","2025-10-07T01:41:03.895Z","normal"
"502c9367-fa0f-4002-605b-d63600dbc023","Luna Restaurant","2025-10-18T00:26:03.166Z","normal"
"ded97d34-0970-4c9c-3ec7-0f30ef663322","Red Pepper Thai","2025-10-24T14:06:52.928Z","normal"
"0941d229-529e-46e8-7e70-7955f7a53b78","Green Leaf Bistro","2025-10-07T23:08:04.609Z","normal"
"713b6f52-3662-468b-ab0d-7a84e018382a","Golden Plate","2025-09-08T16:51:22.793Z","normal"
"1bb89c9e-1327-4e42-7d90-0a5f6dd9ffa2","The Local Table","2025-06-17T12:09:40.327Z","normal"
"39bba344-b783-4c6a-9cf7-f4afbf4d0a7f","Red Pepper Thai","2025-10-02T05:57:42.874Z","normal"
"146c1ad9-43e1-431e-3bc2-d58973bc0aa0","Sage & Thyme","2026-03-14T21:16:15.462Z","normal"
"c7435de8-0dfc-45f3-2512-a5d19cd0df4f","Golden Plate","2025-06-20T17:59:00.883Z","normal"
"e7999d1c-f22b-47b3-f210-df871639f22e","Red Pepper Thai","2025-08-11T00:34:13.847Z","normal"
"cb9fdb28-45f5-4ba9-08ab-beb2bbe701cd","Maple Street Diner","2025-11-20T22:38:35.563Z","normal"
"36e9ab68-d9d7-4dae-abff-5c5602dcb96f","Golden Plate","2025-11-20T16:20:14.623Z","normal"
"977acc0f-06f2-42c4-0591-5cbf13988948","Mountain View Cafe","2025-09-20T14:32:10.209Z","normal"
"36943460-181f-4d6e-1c6f-26a796c248f7","Corner Deli","2025-05-19T12:58:01.861Z","normal"
"17c8e630-f5c0-4632-87a2-145bd80a8796","The Brass Tap","2026-01-28T16:52:20.477Z","normal"
"8e581b93-7f97-4cbe-b2e1-6a132d2b0a87","The Local Table","2025-06-03T20:07:05.626Z","normal"
"8c641051-87ca-4639-9a45-713aa29c128a","Sage & Thyme","2025-06-11T16:05:14.754Z","normal"
"18f40d2f-3baf-49c6-475d-5f7a1fb4032f","Sage & Thyme","2026-03-10T12:42:36.033Z","normal"
"e4dd55aa-1d27-4664-135e-cb781ea94951","Stone Oven Bakery","2025-05-03T07:31:34.743Z","normal"
"15f8e18e-40eb-4286-f0c3-3172f78a1642","Sage & Thyme","2025-07-28T22:37:13.275Z","normal"
"2af163b1-bcca-4af2-87c7-cf4134d23884","The Brass Tap","2025-09-24T14:37:26.552Z","normal"
"debe5bf8-1820-4c6f-7a6d-13290272f6c8","The Brass Tap","2026-03-22T09:23:41.010Z","normal"
"f3531a05-13be-4707-d7ea-0681b8cb7c4a","Red Pepper Thai","2025-07-11T20:16:59.379Z","normal"
"3ffbf085-858c-456c-3d88-9f191f4d33af","The Local Table","2025-12-23T15:11:32.273Z","normal"
"adb7ee4f-c644-47dc-e308-39756e8433d7","Blue Ocean Sushi","2026-03-09T09:30:52.066Z","normal"
"6aa9618a-86cd-46f3-372d-b6a645a919c5","Fresh & Co","2026-02-20T10:46:22.885Z","normal"
"cba362bf-51e0-45c0-e9cf-54170fdfc6c3","Corner Deli","2025-07-10T07:47:31.364Z","normal"
"f7607e58-0dfd-4cdf-fd68-2e8f07f500c1","Stone Oven Bakery","2025-07-29T18:53:21.631Z","normal"
"c686040b-a2b7-4837-f1ae-87e81a857d1c","City Kitchen","2025-12-06T21:59:46.950Z","normal"
"ba47733c-7453-40ef-c975-6eb73707d4ff","Sunrise Bistro","2025-10-27T16:59:49.489Z","normal"
"290ddd38-4e2c-4290-1da4-c375ed21de9e","Oak & Vine","2025-08-16T22:47:05.711Z","normal"
"7043d7b1-2327-44d8-dbbc-6f88ef8c5606","Harbor Grill","2025-12-21T23:50:08.519Z","normal"
"1aa95b3e-1b86-48c7-5b12-440f2d6d6484","Oak & Vine","2025-10-07T05:44:55.626Z","normal"
"29697fa1-1ecf-466d-66ef-9993dd2c9370","Harbor Grill","2025-08-22T11:43:05.839Z","normal"
"4f29f898-782f-41de-c88f-4cd7274d51d1","Cloud Nine Cafe","2025-04-17T07:04:18.285Z","normal"
"4e945134-8c5b-4ca4-a6fe-f93162b89bd4","Oak & Vine","2026-04-04T04:22:59.538Z","normal"
"3b064a36-f6b0-43b1-3342-54ff64636b54","Sunrise Bistro","2025-10-01T15:26:44.714Z","normal"
"542ec5c6-432e-4440-10fd-4ebe01108d71","The Local Table","2025-10-18T23:18:34.015Z","normal"
"93f1de42-b6d4-4aeb-6b33-374f13fc5c71","Red Pepper Thai","2025-06-26T20:08:58.603Z","normal"
"b8d61bb8-d250-43b8-1478-b011e6be2d41","The Rustic Fork","2025-11-25T15:08:05.014Z","normal"
"6f1df4ec-f9aa-4f6f-1b50-39c91d2cfaec","Sage & Thyme","2025-06-23T00:34:23.113Z","normal"
"4aad4e97-15fc-4b42-9409-b648b324ca1a","The Local Table","2025-05-10T18:28:48.241Z","normal"
"e737ebf1-2968-4afa-aa86-dea34d01dbfd","Fresh & Co","2026-03-30T01:14:57.630Z","normal"
"fbe048ac-d318-4ea5-5cd4-0e4c225e52f3","Golden Plate","2025-10-12T04:42:27.055Z","normal"
"72e0ac3c-c807-43d4-7f39-5eae7b66d3ff","Sage & Thyme","2025-11-14T10:08:01.736Z","normal"
"f6222898-7b46-464a-55b4-d962ad0ed247","Sunrise Bistro","2025-08-06T09:31:44.931Z","normal"
"f54b4ddb-be73-4bc4-b588-1bc5bf4d6162","The Rustic Fork","2026-01-23T17:40:37.176Z","normal"
"60464ea3-e83e-4e6f-52f2-fac1f59cbb4f","Maple Street Diner","2025-07-01T10:27:33.928Z","normal"
"4275f037-a3b3-4ed7-73c4-f584cac82a4a","The Rustic Fork","2025-05-21T17:21:53.675Z","normal"
"a33baed5-9d00-4a93-49b4-61201fd833c4","Green Leaf Bistro","2025-12-28T06:12:36.182Z","normal"
"46614e4d-1184-4885-8b6c-9d94d3afbc68","Red Pepper Thai","2026-03-16T17:41:23.158Z","normal"
"0afe780a-4447-4dc5-8bf9-8ce7b162a67a","The Local Table","2025-09-30T01:17:21.823Z","normal"
"09c4dd1b-b8c5-4e2e-0dd8-05cbef38037f","Blue Ocean Sushi","2025-12-07T13:33:17.373Z","normal"
"74fef59e-e42f-461e-f543-cbd34e85257e","Luna Restaurant","2025-12-29T12:29:52.181Z","normal"
"de047159-a0d5-45e9-e302-36e7a30c2200","Oak & Vine","2025-04-26T12:13:57.591Z","normal"
"c0cdde70-c585-457b-7feb-36e2860f264b","Fresh & Co","2025-06-12T17:05:47.015Z","normal"
"b72d380f-c008-4da5-42b6-9d0df8bffa58","Stone Oven Bakery","2025-04-20T22:27:14.784Z","normal"
"891496e2-0055-4382-9109-030fb46641b9","The Local Table","2025-05-12T12:16:11.660Z","normal"
"412920d6-2eb5-4984-a660-5456cff1e9ee","Fresh & Co","2025-06-16T15:46:30.950Z","normal"
"b4535a00-98c2-47b5-b3bf-1db5c9c2246b","Fresh & Co","2025-09-02T22:36:13.169Z","normal"
"9ef2debe-190f-45f6-f9fe-687d4aeef754","Golden Plate","2025-09-04T11:43:30.601Z","normal"
"9f5df93c-4ce1-4295-eea9-2ec55d09512d","Blue Ocean Sushi","2025-08-10T10:09:19.671Z","normal"
"90f4f88e-009c-4054-6fca-fcfb3e5ec945","Firebird Pizza","2026-01-06T13:48:10.256Z","normal"
"a28d242e-e612-4c85-bf08-057448333670","The Local Table","2026-02-05T03:23:24.201Z","normal"
"7634bc53-7d69-42b9-aa45-69a88c242f22","Oak & Vine","2025-12-22T20:58:48.354Z","normal"
"9e8193a2-4d33-485d-dedd-2e5acf4758ef","Sage & Thyme","2025-09-28T18:02:58.039Z","normal"
"f863b9cb-0cb5-4739-ef8e-959201017528","Golden Plate","2025-07-17T15:59:55.772Z","normal"
"fe585225-e885-429b-dadd-dd0963e0e0fa","Harbor Grill","2025-10-16T15:00:05.709Z","normal"
"94d13ec5-635e-425f-9c5f-ce1a56e4296b","Blue Ocean Sushi","2025-05-12T08:34:42.239Z","normal"
"95a55f89-c82b-4c6a-2a56-7b9e086314e0","The Rustic Fork","2025-08-18T23:04:34.619Z","normal"
"479a53ee-de4d-40e8-dcdc-84688c625085","The Local Table","2025-07-05T21:12:17.110Z","normal"
"71820299-743e-4b3a-ce72-6187129f125b","Luna Restaurant","2025-08-09T06:15:44.026Z","normal"
"67521194-caec-488c-7e11-9b85c1d7d696","Red Pepper Thai","2026-03-06T11:00:35.225Z","normal"
"3ae65b6f-ce90-4635-b546-8f9ba055ceb4","The Brass Tap","2025-07-21T02:02:24.488Z","normal"
"d842b675-b4d8-4b35-390b-df8e3b420fbb","Sage & Thyme","2026-04-05T13:08:00.953Z","normal"
"88406ce7-e813-4d32-262a-f01d0b969318","Cloud Nine Cafe","2026-01-01T19:33:13.501Z","normal"
"4e1a28f8-0d47-4c0f-ce25-aa2ea7a5d312","Sage & Thyme","2025-07-10T03:46:32.740Z","normal"
"fea16d0f-caeb-458f-ea22-8f5d08c551ab","Maple Street Diner","2025-12-10T01:48:05.552Z","normal"
"d7b14f9d-f8fc-4612-18e5-7091e333f762","The Brass Tap","2026-01-26T07:01:05.910Z","normal"
"8f644c4b-89b3-41b5-872c-c247e7397099","Stone Oven Bakery","2025-10-01T12:16:30.609Z","normal"
"c2dba527-6f8b-49ef-ae81-1be4e94bd9d1","Sunrise Bistro","2025-09-23T12:38:46.146Z","normal"
"7c79898b-b5f5-4bab-3304-3617095d3121","Green Leaf Bistro","2025-06-22T19:33:39.678Z","normal"
"ff06ba65-c876-49bd-bf3e-469b735447d7","Golden Plate","2025-10-22T08:51:06.036Z","normal"
"0474553d-e29e-4a8c-30d9-a353858cb11c","Sage & Thyme","2025-05-02T22:33:45.888Z","normal"
"53dd2db2-99bd-4b56-3ee8-2741764d4fb6","Mountain View Cafe","2025-10-22T05:35:05.877Z","normal"
"b1515cc6-7bf1-467e-0446-1e9210db4299","Cloud Nine Cafe","2026-02-02T06:51:08.126Z","normal"
"4d2aa365-825d-42ab-38a7-98b76de20cb1","Fresh & Co","2025-06-17T12:37:33.731Z","normal"
"01d86d31-903d-4d86-d90a-212a46025ec8","Harbor Grill","2026-02-28T01:16:56.432Z","normal"
"ef5ca3f0-46c6-4139-de58-202f077709b8","Oak & Vine","2026-02-14T08:27:44.281Z","normal"
"9cc0ff28-d9f7-4c63-5327-2ebd796de21e","Corner Deli","2026-01-19T03:12:23.743Z","normal"
"87c3f5ee-7f5d-43d4-1ce1-f25361200aee","Red Pepper Thai","2025-05-07T02:00:13.862Z","normal"
"fedd55ec-c1df-4977-41a9-464714f56d83","Cloud Nine Cafe","2025-08-04T03:31:26.344Z","normal"
"328aa015-0ba4-4165-2a20-6ee42d69cb4e","Maple Street Diner","2025-04-26T09:57:29.744Z","normal"
"a552b24f-fcf3-43e3-faa3-3b86f6451dd7","Mountain View Cafe","2026-03-26T02:43:03.975Z","normal"
"aad82153-5d25-4063-bed8-0aad80c94035","Stone Oven Bakery","2026-02-05T23:38:10.703Z","normal"
"0471a65d-2a65-45a9-62b8-569d27804e04","Sage & Thyme","2026-01-30T01:49:23.074Z","normal"
"8a70a1d3-cd69-46f8-a0f5-7aad91f11625","Blue Ocean Sushi","2025-09-23T14:07:28.898Z","normal"
"66621e1c-1779-4001-8e31-379b80d0ab82","City Kitchen","2026-03-19T09:56:52.455Z","normal"
"d8da4a09-6cd1-419b-9c03-60ccafe6bcd5","Cloud Nine Cafe",,"null_injection"
"dc5523e2-55b5-4513-2a55-e7c3525a095b","Sage & Thyme","2025-06-24T21:15:03.609Z","normal"
"b636d543-2f17-4682-5d9b-8cc4b43443ae","City Kitchen","2025-08-18T12:55:06.081Z","normal"
"782c13f8-10ce-4cf8-b2aa-7ead77dd91e8","Sage & Thyme","2028-04-09T12:28:20.297Z","timestamp_anomaly"
"a5638749-8ab7-496f-9379-a75686649a61","Oak & Vine","2025-05-09T03:13:16.606Z","normal"
"c6c6755c-00a4-4ba4-b810-bb61950e66b8","Corner Deli","2025-07-25T11:19:04.585Z","normal"
"4a65295c-a55b-4d4a-4f3f-0c6ad8470475","The Local Table","2026-02-04T07:10:30.638Z","normal"
"cf3fc03d-e8c2-47b0-164b-d424c705c95c","The Local Table","2025-09-02T06:05:05.855Z","normal"
"3a800524-ba42-4884-aa67-39e81006198d","Stone Oven Bakery","2026-01-15T17:53:32.839Z","normal"
"370df2b2-11a9-404b-0790-325b22ad8ec0","Sunrise Bistro","2025-12-27T13:59:39.280Z","normal"
"df9f37d1-018b-445f-fc07-485f5f40cfac","City Kitchen","2026-01-18T21:09:01.648Z","normal"
"aa4f6a26-3963-455b-9f85-ab4b3580fb07","Sage & Thyme","2025-05-29T18:52:21.804Z","normal"
"d96d72f0-9187-4ac6-0600-5adb0d7f756e","Sage & Thyme","2025-06-14T00:00:08.433Z","normal"
"313e8944-c206-4cfe-b582-87bf6a2e26f1","Golden Plate","2026-04-09T05:49:37.242Z","normal"
"3ae23602-f01d-4f35-c32b-441e281c911f","Blue Ocean Sushi","2025-10-19T06:35:40.403Z","normal"
"7ec98132-3fbd-4b6b-8b84-9a9aed3e4d99","Stone Oven Bakery","2026-01-03T23:43:17.016Z","normal"
"5cfc15a3-a7c8-4185-191d-f1206b1baa14","City Kitchen","2025-08-26T17:22:10.973Z","normal"
"b72e9a4f-4512-4ac9-73a1-f948125ca039","City Kitchen","2025-06-13T06:24:04.354Z","normal"
"f1acc804-ae92-40fa-1ee7-19c48ffb07c0","Luna Restaurant","2025-06-01T19:37:07.995Z","normal"
"ed059599-f086-480d-d19a-93ffa776bd7a","Harbor Grill","2026-01-20T23:07:49.550Z","normal"
"18c61fa6-85f5-4f2b-6f10-43a52a25b18e","Cloud Nine Cafe","2025-09-24T08:06:48.290Z","normal"
"0079e504-60a1-4a5a-ecaf-762f87281e16","Mountain View Cafe","2025-11-08T21:18:41.397Z","normal"
"b08043c2-d79c-49be-dc65-ff6b858fbb36","Cloud Nine Cafe","2026-02-05T22:52:52.696Z","normal"
"07c23548-15d2-4d5e-caf7-9acc8785129c","Golden Plate","2028-04-09T12:28:20.297Z","timestamp_anomaly"
"349beea6-98ad-418e-0c94-f84ba3926bb8","Golden Plate","2026-03-07T21:59:46.140Z","normal"
"39a880d2-1485-4c1a-6b25-bbd996d8c842","The Local Table","2025-05-29T15:10:19.777Z","normal"
"302e8141-2b01-4ecc-4313-e7844a0d1c89","Mountain View Cafe","2025-08-10T12:43:46.629Z","normal"
"b8128eb6-b178-46a0-2155-01067ce8b46a",,"2026-02-25T14:10:46.772Z","null_injection"
"18d53b5b-1608-48bd-02f4-7c4dfa9ef59b","Luna Restaurant","2026-02-04T21:42:56.129Z","normal"
"930eb50a-1d06-40fd-6d92-6976fab1c67f","Green Leaf Bistro","2026-03-24T07:21:38.941Z","normal"
"06112e75-7bd9-4630-b566-bb5bccefcc50","Corner Deli","2025-10-06T17:20:36.565Z","normal"
"44ad5b1c-3640-47dd-ad2d-cc818ab6fa03","Firebird Pizza","2026-03-14T04:24:09.834Z","normal"
"8a6fa53d-31e4-4a29-f860-cf1e37f6a86d","Maple Street Diner","2025-09-24T07:30:41.956Z","normal"
"ef02182a-8d28-4aa4-c858-4e5f98280880","Luna Restaurant","2026-03-17T10:52:31.177Z","normal"
"3338ad06-be95-4800-53e7-678f20da8499","The Rustic Fork","2025-06-25T01:12:01.938Z","normal"
"6ffc7c0f-c96c-4b0b-e9bf-6c214b8299ed","Corner Deli","2025-05-10T00:52:19.836Z","normal"
"a2ce6cf5-2f54-4ca0-7aa3-cf55db6ad47c","Maple Street Diner","2025-05-26T03:38:34.419Z","normal"
"b5b22020-f4d4-4e21-10fb-a5c71bb5e500","The Local Table","2025-10-09T11:50:23.782Z","normal"
"1c72b7ed-eeb9-48ce-8eb4-cad5eed75845","Red Pepper Thai","2025-08-10T16:44:20.618Z","normal"
"ae3566fa-6f5c-4a85-58c6-66abb447f4b6","Cloud Nine Cafe","2026-01-19T05:09:29.247Z","normal"
"de9a1505-2c03-4b52-f465-e39bb521e228","City Kitchen","2025-09-07T00:41:40.860Z","normal"
"78217136-76d8-4eac-d43e-4a57197e9588","Mountain View Cafe","2026-02-16T12:23:09.193Z","normal"
"74073cbd-a6f3-4ed8-6955-50d9720990e0","Cloud Nine Cafe","2025-09-19T08:27:39.487Z","normal"
"242344cd-4f80-420b-da23-8ec39888c62c","Red Pepper Thai","2025-09-05T06:48:13.037Z","normal"
"33abd719-d566-41ce-7b90-3922697fa11b","Harbor Grill","2025-07-26T05:09:02.281Z","normal"
"9d2e3c30-303b-4161-be92-1dfc5c90bf7c","Fresh & Co","2026-01-26T01:49:42.408Z","normal"
"278f4a71-f994-41b3-0cde-d76a3f70a511","Blue Ocean Sushi","2025-11-09T02:19:00.509Z","normal"
"9ad6c3f4-a0b8-4a01-9c60-54c13e3dc8db","The Rustic Fork","2025-10-15T23:05:37.039Z","normal"
"045eb107-45aa-4a1d-17ab-23d349c80176","City Kitchen","2025-08-22T06:00:06.027Z","normal"
"320b5ff2-5617-40ec-770c-2d807ecb9b4f","The Rustic Fork","2025-12-19T17:34:11.389Z","normal"
"d5881f96-0d10-4b27-f59d-844aab23723e","Harbor Grill","2025-09-10T15:33:25.513Z","normal"
"3361fdb9-d56a-4ca0-5f7e-ef089a22b02c","City Kitchen","2025-12-06T07:23:58.257Z","normal"
"83887d0c-56a9-4f17-0842-e1cbc466cd9d","Golden Plate","2025-09-27T22:56:27.290Z","normal"
"7c6f0925-1910-4070-2bf3-407f0e9cf66e","The Local Table","2026-02-12T17:53:58.873Z","normal"
"4585a91b-40aa-4449-1086-ec0ea85af5ec","The Rustic Fork","2025-08-08T02:17:24.503Z","normal"
"5c1c368a-86e0-41cb-fb2a-074336d68c06","City Kitchen","2026-02-26T04:35:15.639Z","normal"
"e4ecb60a-2ad2-4a40-106c-0c0cf202d50f","Cloud Nine Cafe","2025-08-14T13:41:57.490Z","normal"
"b75b7c6c-697d-475f-0d99-21f02c801864","Sage & Thyme","2025-11-11T23:56:43.097Z","normal"
"5715c83e-b71b-4729-8653-8eff9ce1a96f","Fresh & Co","2025-07-15T08:57:11.649Z","normal"
"9ff1e889-b20f-41b3-d4cd-fb7038f07d2a","Sunrise Bistro","2025-09-21T03:40:45.805Z","normal"
"7d4afcc8-a967-4724-8f6d-a8b6a0787311","Stone Oven Bakery","2025-09-25T12:58:27.229Z","normal"
"7d9ed0f3-2761-42ab-eb44-055bae637e22","City Kitchen","2025-05-07T08:50:50.850Z","normal"
"0d80cf5c-10a9-4ed7-1b2e-c8472d1276d7","Sage & Thyme","2025-07-28T01:45:49.724Z","normal"
"34002951-1a02-44eb-5d6b-ead4a69a4ccd","Oak & Vine","2025-09-11T15:24:15.689Z","normal"
"0593f406-51d2-43ff-78c9-7aa6bdb4a9e7","Harbor Grill","2025-09-20T21:48:35.411Z","normal"
"9dd1f5cc-a014-40e4-9300-34ff973e8658","Golden Plate","2025-06-03T18:04:42.051Z","normal"
"c36a4416-811b-4c80-47f2-39ed6bc36d4c","Fresh & Co","2026-04-09T15:24:57.642Z","normal"
"93381daf-e635-4183-d0c9-50cb12768fd6","Luna Restaurant","2025-06-25T07:11:16.566Z","normal"
"188b47bf-3e5f-4660-19cb-e4b89858516b","Stone Oven Bakery","2026-04-03T14:58:05.728Z","normal"
"ff7dd137-31f0-4913-a27b-cf10a0ddf538","Green Leaf Bistro","2025-11-24T10:44:45.229Z","normal"
"3ca382e8-4cb6-4257-f1aa-50174eeb20cc","Green Leaf Bistro","2025-10-26T21:22:35.077Z","normal"
"0908be3a-b315-4841-bed3-6073c083cb3c","The Brass Tap","2025-08-18T02:25:31.688Z","normal"
"1f182f92-46d7-4936-6fd5-55d4c17fe9af","City Kitchen","2025-09-19T06:46:09.157Z","normal"
"e46f45b5-c5ab-468f-1582-a3ba62fa8042","Red Pepper Thai","2025-06-18T08:19:23.215Z","normal"
"d5d27644-ea25-4448-80cb-2ef0ea293853","City Kitchen","2025-11-26T21:53:24.262Z","normal"
"3a908b52-7b32-46f2-cb8f-692d1681cb10","Harbor Grill",,"null_injection"
"bb4c4618-0f1b-42cf-a30d-bb9c7593d9e9","Green Leaf Bistro","2025-11-16T22:19:55.146Z","normal"
"1cf8b321-1511-4311-2acc-ed881356e6e9","Blue Ocean Sushi","2026-03-09T01:35:15.066Z","normal"
"c534535e-95b9-4d4c-4228-66a8795212ff","The Brass Tap","2025-09-22T10:16:48.640Z","normal"
"155aa625-1fc9-4043-4c12-941cc5c2f754",,"2025-05-02T23:28:10.001Z","null_injection"
"6c249738-1274-4786-c547-ffe0b42c19c0","Stone Oven Bakery","2025-12-16T02:55:26.068Z","normal"
"840ac09c-0613-4d15-22a5-b73b4697d6f3","Corner Deli","2025-08-05T21:36:30.620Z","normal"
"33369444-2481-40b2-7b65-e35a195510c8","Blue Ocean Sushi","2026-03-01T09:50:21.282Z","normal"
"d899d744-38bf-4ba2-fad6-4b48c893b8e2","Sunrise Bistro","2025-04-14T15:56:59.885Z","normal"
"2e1a728e-0063-4609-8314-acc432eff658","Red Pepper Thai","2025-07-11T00:26:57.840Z","normal"
"8acda157-f63c-41b1-970c-ece043995314","Sage & Thyme","2025-12-14T21:04:35.178Z","normal"
"a59cf3fb-4421-41e4-93b8-a59242abade1","Green Leaf Bistro","2026-01-06T10:47:58.220Z","normal"
"24397a04-b3e0-4767-c4f6-378416151011","Green Leaf Bistro","2026-03-28T03:08:12.773Z","normal"
"2cb2cd8d-6dd9-4de4-ce4f-b976fcb3ea46","Harbor Grill","2025-07-28T19:53:04.632Z","normal"
"54339413-235c-4f94-3ee3-10c918b9cb9a","Green Leaf Bistro","2025-04-29T20:51:20.598Z","normal"
"7e932723-7124-4472-c74a-65c9d6961138","Maple Street Diner","2026-01-14T20:47:38.408Z","normal"
"9bc7bb81-7bc8-4ddd-c305-93a2f1e9e01f","Harbor Grill","2025-05-02T15:00:47.296Z","normal"
"213fb27a-f90f-483d-6f4a-b0e33382e724","Stone Oven Bakery","2026-04-05T06:55:40.578Z","normal"
"030a7d2e-45df-4672-b6d5-ed20e97c53da","Firebird Pizza","2025-11-05T16:04:13.585Z","normal"
"f76afbac-c363-4e27-bd0d-bb47cd9a2f8b","The Rustic Fork","2026-03-13T02:25:29.324Z","normal"
"56e796c6-f815-40bf-3d53-7dd5ea7f6a29","The Local Table","2025-04-11T09:01:43.278Z","normal"
"1348c9af-2851-449b-6bf3-e83491a66fbd","Fresh & Co","2028-04-09T12:28:20.297Z","timestamp_anomaly"
"256c0fca-07ef-4555-2b9e-72ac4c010448","Maple Street Diner","2025-05-20T19:11:30.489Z","normal"
"d8baca7e-7be2-44a8-07bc-f4ce01965518","Firebird Pizza","2025-12-09T12:00:08.588Z","normal"
"4249c9fe-6cc2-478b-68e6-4648a93e63aa","The Brass Tap","2026-01-10T20:51:22.739Z","normal"
"73b74da5-a3a7-4d85-f1eb-a4d2feac55e1","Corner Deli","2025-11-22T06:01:25.404Z","normal"
"8d56ba77-2fce-4745-4abc-fd7c39eec8f8","Stone Oven Bakery","2025-06-30T09:15:20.633Z","normal"
"3a56ff2a-3df6-4f3d-9e8f-a34b12b20f0f","Sunrise Bistro","2026-04-03T22:10:41.862Z","normal"
"985708ce-8695-48b3-cf04-a0061e97d848","Oak & Vine","2025-11-16T12:08:29.137Z","normal"
"2da82f62-29ca-40dc-2105-0c2fa488355d","Sage & Thyme","2025-08-17T14:11:43.894Z","normal"
"163a1328-472f-42b2-6ab6-88e0c82cc3f2","Stone Oven Bakery","2025-07-15T19:48:29.171Z","normal"
"d8feaf74-bafb-49aa-2e24-52483d4795f3","Maple Street Diner","2025-12-05T11:22:31.527Z","normal"
"2cb689bb-dd7d-4718-0d48-bb789169ed98","Sunrise Bistro","2025-09-09T12:22:07.324Z","normal"
"8da39063-712a-4ccd-8c69-9e9cec58c7e7","The Rustic Fork","2025-08-03T02:42:21.181Z","normal"
"8e92ff87-2307-4e74-8ed9-75f8fa4aba27","Stone Oven Bakery","2025-06-28T12:57:47.865Z","normal"
"6e52982e-340f-4642-6d9c-0ef9d1761fa4","Harbor Grill","2025-11-15T21:56:45.973Z","normal"
"b4bc3a9f-c16b-4646-5889-00ab46e8899f","The Rustic Fork","2025-10-06T09:47:55.346Z","normal"
"e2a8f009-17fc-4895-4e14-84addd3efd5c","Mountain View Cafe","2025-10-29T09:30:57.149Z","normal"
"2dfd1f6a-8f8b-4567-93d7-64695bd72e4b","City Kitchen","2025-11-10T06:16:46.111Z","normal"
"fb299e2c-5ecf-4cbf-e0c6-c51eac9456ce","The Rustic Fork","2026-03-29T16:02:23.759Z","normal"
"1599e123-c7ba-4edf-d5eb-bfb163972e9e","Red Pepper Thai","2025-11-29T01:05:06.304Z","normal"
"079f3962-b86a-45a5-716d-ae8ea7c1ed7f","Blue Ocean Sushi","2026-01-30T03:24:15.600Z","normal"
"b1d703c6-7a1f-4496-d8ec-8aa4d01d656a","The Brass Tap","2026-02-11T05:46:19.925Z","normal"
"fb4281ab-a490-437e-ebd1-9d701424a7c0","Firebird Pizza","2025-07-24T17:43:21.453Z","normal"
"449b5d4c-d793-4c86-9533-bede0bc2e5d2","Golden Plate","2025-04-29T05:24:27.833Z","normal"
"67c9c4b9-4753-4c98-361b-1c10475e1558","Cloud Nine Cafe","2026-03-29T07:46:21.397Z","normal"
"ad082249-6918-4e1d-22b8-9e2b4a91b9c5","Cloud Nine Cafe","2026-04-02T11:57:58.043Z","normal"
"e4984619-2125-4074-f724-a341c3b52bb2","Luna Restaurant","2025-05-10T19:31:28.355Z","normal"
"aec5ee53-30d1-4a59-e308-bfe33ffd919b","Oak & Vine","2025-11-28T23:31:57.036Z","normal"
"745e5445-67a0-44ec-fb02-c77a7e2e33d3","Harbor Grill","2026-02-08T09:57:44.657Z","normal"
"c4753849-9cf9-4bbb-913c-68c819477c9b","Harbor Grill","2025-05-19T06:07:37.156Z","normal"
"5ed0d5e6-91ec-474c-4f77-2622f7d86a56","Stone Oven Bakery","2026-02-14T05:08:29.819Z","normal"
"dfcf19df-36b1-4fb2-3771-24637fc875de","Firebird Pizza","2025-12-31T08:46:34.863Z","normal"
"12f9587d-9a6c-4d39-4b0b-15e05659c8b0","Sage & Thyme","2026-03-09T18:24:10.063Z","normal"
"163c2815-393e-4061-498a-4c9982074319","Oak & Vine","2025-05-07T05:44:45.080Z","normal"
"13c45992-4e85-45b3-260b-1f123a50bd47","Sunrise Bistro","2025-09-07T09:32:31.164Z","normal"
"0b1d8ba1-f3c7-4c9c-51c2-295fb624e0a5","Harbor Grill","2025-07-11T22:23:23.658Z","normal"
"c959e8ef-5796-4341-be48-f46978cc3fe0","The Rustic Fork","2025-12-23T19:19:21.132Z","normal"
"7801cc41-4156-4202-adfe-e2fbc7eeb0a7","The Brass Tap","2025-07-29T04:24:50.096Z","normal"
"c04bf014-43f5-4011-eb50-c25b1697ce82","Luna Restaurant","2025-11-28T10:49:14.037Z","normal"
"7124e3f9-40a9-4f3d-36e2-33325bfe3fc4","Blue Ocean Sushi","2025-12-11T05:30:50.347Z","normal"
"f254dd47-8e31-42cd-6280-b7c87e76c725","Fresh & Co","2026-02-22T00:30:39.434Z","normal"
"ea6c2497-985f-44e1-4f51-8a3e5a2f1f8a","The Local Table","2025-05-23T01:25:41.123Z","normal"
"639ff398-c05b-4841-0e7d-a6a39d350e6f","Blue Ocean Sushi","2025-09-03T22:19:51.521Z","normal"
"24d38624-b7b6-4c0a-5697-9cde1eafcac9","Sunrise Bistro","2025-12-12T10:32:26.328Z","normal"
"3d612047-3fc1-40fb-36c2-26779c8854d9","Harbor Grill","2026-03-19T01:52:18.807Z","normal"
"2fc9e5b8-7009-40a9-17b5-fa26ed7618cb","Luna Restaurant","2025-09-06T06:04:17.374Z","normal"
"df50a4de-ef85-4ea0-c10f-b5d1229a272a","Red Pepper Thai","2025-11-16T13:41:31.286Z","normal"
"309ec5de-aba0-4b41-a42e-985cb6313d24","Blue Ocean Sushi","2025-08-18T22:16:11.159Z","normal"
"304d60f7-0dae-409e-4810-e97d5e0adcb8","Red Pepper Thai","2025-04-12T20:54:13.429Z","normal"
"2347f485-d289-45b8-19ae-c12d7a9986ed","Corner Deli","2026-02-12T10:02:48.537Z","normal"
"a98f6fba-1cd2-47ea-4a41-87afed07103b","Maple Street Diner","2026-03-18T02:40:56.471Z","normal"
"e8ef72ab-36ab-43b6-fa0c-5ef7f07af38f","Sunrise Bistro","2025-08-02T22:45:45.441Z","normal"
"49ed0ceb-2d93-489c-498d-e368d6aa9e9f","The Rustic Fork","2026-02-22T10:27:34.486Z","normal"
"9da338dc-ea8a-44ab-cf77-b1788334d83e","Sunrise Bistro","2025-04-24T03:22:21.288Z","normal"
"a804912b-1b00-4ad1-b15d-fc84c16f5da3","Sunrise Bistro","2026-02-10T11:38:22.725Z","normal"
"e3098332-71ac-4ada-49db-b8846d2900a7","Blue Ocean Sushi","2026-03-25T08:20:31.090Z","normal"
"b9cd9a16-54aa-48c5-e6a5-fc8a9e5f4eff","The Rustic Fork","2026-04-06T20:59:16.386Z","normal"
"7825e518-1d11-4873-82cc-b6a3eac16b73","Sunrise Bistro","2025-05-16T21:08:59.168Z","normal"
"9392a1a9-529d-4c35-5454-8404a8fa0bb4","Mountain View Cafe","2026-03-23T03:21:21.915Z","normal"
"eefdba43-4c5a-467f-1c93-3a2daa46d3d4","Sage & Thyme","2025-11-24T12:59:10.328Z","normal"
"daa6d2aa-006d-4959-339c-417cf8907fe8","Sage & Thyme","2025-07-29T19:02:59.554Z","normal"
"7a7889e5-8d6d-4c3b-086e-c286e80d7b62","Fresh & Co","2026-04-02T22:56:07.080Z","normal"
"3529b2c6-8636-4fb8-f920-26bad81ba976","Blue Ocean Sushi","2026-01-24T02:27:30.874Z","normal"
"f48de07f-dfec-4a12-9d88-faa19a2ecad5","Sage & Thyme","2025-06-01T00:51:19.278Z","normal"
"dc13f96c-ab56-45af-c873-41754c5622f5","Corner Deli","2025-08-05T02:13:57.545Z","normal"
"80eb1b96-7644-4a2c-47d2-4f1fb1915ed6","Firebird Pizza","2026-02-18T22:03:53.781Z","normal"
"7b720d28-0618-4d17-08be-743bc6c6a523","Harbor Grill","2025-06-16T23:16:43.829Z","normal"
"4e716a3b-f7d2-4b07-88c3-26d70fc40c5f","Luna Restaurant","2025-06-20T20:20:29.329Z","normal"
"e301a482-4401-4c0c-5c12-0a5ab57a246b","Harbor Grill","2028-04-09T12:28:20.297Z","timestamp_anomaly"
"6cfdda71-f9b7-4c54-b890-762d23249755","Mountain View Cafe","2025-05-01T16:35:43.130Z","normal"
"a0f2ccc2-0371-4006-ea2f-7436e89a7dc7","Maple Street Diner","2025-08-05T16:20:33.821Z","normal"
"0428cc26-6028-4366-1251-2dbd95fe0433","The Rustic Fork","2025-07-29T10:02:14.625Z","normal"
"0c11bc90-6bf8-4eea-fff8-5d69f417fddf","City Kitchen","2025-07-04T07:46:36.150Z","normal"
"0d038f5d-d42b-4f76-7056-f4f14536c80d","The Local Table","2025-12-12T20:40:57.444Z","normal"
"6cf904e4-e756-41ed-eafd-f4e0ceaedcc1","Sunrise Bistro","2026-02-24T17:23:26.758Z","normal"
"dd358247-0cab-45b9-b618-8eb699eca8ae","Golden Plate","2025-08-25T12:02:00.558Z","normal"
"51f0dd14-5913-4ee2-7ec2-03036395b89c","Fresh & Co","2025-08-30T14:23:02.348Z","normal"
"f57433e0-4c3e-41d4-4001-8e1855948aa3","The Local Table","2025-05-18T20:42:48.887Z","normal"
"151aef22-0525-4f83-0547-faf5b1fd48b4","Harbor Grill","2025-09-04T02:39:01.397Z","normal"
"2a78b6fe-3d1a-4734-9c67-220cd2d93587","Sage & Thyme","2025-07-06T00:03:41.749Z","normal"
"931ab273-0384-4dad-b69e-03b6c84d15ac","Green Leaf Bistro","2026-01-24T14:47:40.937Z","normal"
"50fff762-b90f-4ef4-a68d-fe8cc99ec2aa","Luna Restaurant","2025-08-10T16:19:00.742Z","normal"
"455b0e82-2863-45db-735e-f31303ef372c","Cloud Nine Cafe","2026-01-16T12:08:12.648Z","normal"
"3a84f5a1-7731-4974-c75c-7d2556611482","Luna Restaurant","2025-09-16T22:23:19.860Z","normal"
"0c60ecaa-37fd-45fb-7dee-ae618ea37685","Cloud Nine Cafe","2025-10-26T23:09:48.946Z","normal"
"2d1a76a6-21c9-4cf7-503d-76df818dd096","Mountain View Cafe","2025-10-02T16:36:34.247Z","normal"
"d6e493f4-769c-4662-91c1-0c41a861268d","Sage & Thyme","2025-10-21T09:10:43.770Z","normal"
"a6ba379b-e6f8-4cec-a6b8-1f2c9542944b","Mountain View Cafe","2025-06-15T18:15:29.116Z","normal"
"b4a080e3-b33f-4f1a-8a88-1e16ba778f51","Cloud Nine Cafe","2025-07-22T03:49:33.836Z","normal"
"891188db-0b28-442a-c930-149cefff2757","Oak & Vine","2026-01-13T17:39:56.757Z","normal"
"2fc16f62-6a79-4fb7-fe4a-d1c6e6673a9f","The Rustic Fork","2025-07-09T17:21:35.948Z","normal"
"97ffe443-3ebe-46de-c1f6-ca86d93d891e","Red Pepper Thai","2025-05-01T11:56:54.434Z","normal"
"2ebc73f1-d2fb-4ebb-f49d-b90830e1fcff","Corner Deli","2025-11-02T03:20:29.994Z","normal"
"b22c51f2-d919-4e7c-3f94-576dc2a49993","Mountain View Cafe","2025-09-24T08:20:46.737Z","normal"
"de7f3420-a45d-4abd-fe53-f20ba6d41b81","Golden Plate","2026-04-08T21:19:43.460Z","normal"
"59c46f4a-ecff-4c90-4efc-f0c265d78ec2","The Brass Tap","2025-11-14T14:27:57.315Z","normal"
"8d484a3a-5827-40be-c115-a8ee6f2e896b","Golden Plate","2025-10-03T01:44:06.012Z","normal"
"008d6425-76de-4f4e-6f32-d92d29c7cbc1","The Brass Tap","2026-01-05T18:20:38.459Z","normal"
"c85759d0-e975-48aa-9cf6-c66bc7edc48b","Mountain View Cafe","2025-12-08T18:22:47.886Z","normal"
"6da28128-9a79-4305-2840-02743dbf1d5d","Golden Plate","2025-07-26T18:27:00.386Z","normal"
"87903d66-c3ff-4986-b8d9-440bc2f70e33","Sage & Thyme","2026-03-07T09:17:25.585Z","normal"
"59910ff7-24f5-427d-dfba-92448caf9099","Golden Plate","2026-03-08T09:25:32.268Z","normal"
"fddf44a7-ad22-41b4-f9ea-0069a37a8577","Harbor Grill","2026-02-12T18:56:30.984Z","normal"
"a840a3db-8272-4580-8e93-6304538b5cd0","Blue Ocean Sushi","2025-10-28T17:38:25.612Z","normal"
"de7fc3f5-90e6-4cda-a7fa-eca384cc61ee","Mountain View Cafe","2025-08-04T23:35:22.814Z","normal"
"516cf75d-c2bc-4142-d5ac-d9987c5a6729","Firebird Pizza","2025-09-26T23:18:30.923Z","normal"
"b7680676-c67c-4f92-89fb-e79dd496f685","Firebird Pizza","2025-09-01T20:57:56.801Z","normal"
"961435e7-bedd-49d5-3b0d-c499375f9ea5","The Local Table","2025-06-20T13:48:53.083Z","normal"
"863f1cde-0549-4731-ac39-1144d0c66e35","The Brass Tap","2026-03-15T13:29:59.861Z","normal"
"a9135c66-2bc2-49fe-c8b1-81980ef4ac60",,"2026-01-03T02:21:15.933Z","null_injection"
"87a02d67-844e-49de-7cd1-83ccff56705a","Golden Plate","2026-01-10T07:44:42.902Z","normal"
"e1c61dc0-ce12-49c8-be3c-9c70793f6df5","City Kitchen","2025-08-20T21:58:26.233Z","normal"
"92251408-ba34-41eb-26e4-46ea669f939c","Sunrise Bistro","2025-04-27T03:29:53.961Z","normal"
"fb4789f4-a9ac-4c22-ca95-d87427de63e1","Golden Plate","2025-08-27T18:05:05.714Z","normal"
"716e3266-173a-437a-b7f6-3af167efe7d2","Firebird Pizza","2025-05-24T02:01:54.542Z","normal"
"e6306051-5216-465d-d127-2dbb39bcafe9","The Brass Tap","2026-01-21T08:36:16.038Z","normal"
"dbac5fde-9667-49c8-04c7-7dafefb3e9e6","Mountain View Cafe","2025-06-09T13:45:32.723Z","normal"
"39aee39c-bccb-4403-998a-28d1439fee67","Green Leaf Bistro","2026-02-13T22:40:57.917Z","normal"
"fe65ad36-8b6c-47ec-125e-8c00813e4e00","Blue Ocean Sushi","2025-05-08T15:17:52.195Z","normal"
"c6c779dc-aa98-4554-7dd9-4cbf4aace593","Mountain View Cafe","2026-01-19T10:18:24.346Z","normal"
"9725a53f-e5ea-40d7-f316-6d8691194fa3","Red Pepper Thai","2026-01-23T02:39:37.375Z","normal"
"e7b7a174-a0b8-40f7-b547-00508afa96ef","Blue Ocean Sushi","2026-04-03T04:01:11.311Z","normal"
"740f890d-fada-49f3-3547-b906846e233b","The Rustic Fork","2025-12-20T05:59:28.536Z","normal"
"00fef7f8-7622-4343-ed53-a2772d225a3f","Sunrise Bistro","2025-11-21T10:50:49.507Z","normal"
"3059ffc6-cabb-4f56-3214-af1f3287a72d","The Brass Tap","2026-02-11T18:55:18.625Z","normal"
"6233fdbc-ad60-4f37-c939-c47b0675aa12","The Brass Tap","2025-12-28T08:30:39.006Z","normal"
"2cad2033-ae3d-4fd0-22f1-78fe43c2d1b1","Cloud Nine Cafe","2025-11-18T05:47:27.818Z","normal"
"3584eb60-2500-4dc8-f30d-65f3e2738b46","Sage & Thyme","2025-08-21T15:59:32.249Z","normal"
"c94657d3-6cba-4a17-fdbd-53984d36e529","Corner Deli","2026-03-27T22:09:35.033Z","normal"
"c4e96dcd-7e49-4655-0f9a-2708b9ccb3fc","Harbor Grill","2025-08-05T07:21:18.019Z","normal"
"5ec48983-d1ed-4f31-821d-1c68cc7dd303","Maple Street Diner","2026-03-04T12:38:19.705Z","normal"
"d3474d8c-89fa-407f-36e7-f232d2eb0bfd","Golden Plate","2025-09-06T16:17:05.845Z","normal"
"1d96ef73-58bb-4158-8058-e648ed19acf7","Sage & Thyme","2025-04-14T08:55:17.966Z","normal"
"490d5a18-5046-4623-35dd-e3ecbeb8cb96","Sage & Thyme","2026-01-25T16:08:22.530Z","normal"
"465709b3-f615-4064-27b7-5af4816b1953","Harbor Grill","2025-08-27T01:56:44.460Z","normal"
"84752306-610b-4249-66d8-1c12fe20eda5","Blue Ocean Sushi","2025-09-25T13:15:58.717Z","normal"
"30e4483d-d62f-4e79-bbe1-b982952e9c21","Corner Deli","2025-10-08T04:20:28.438Z","normal"
"20e04df3-34bc-4fac-6e4e-d1c418a270b8","Sunrise Bistro","2025-11-08T06:42:23.665Z","normal"
"c4baf9ef-cc43-49b7-83ad-21ee53ecda33","The Rustic Fork","2025-05-13T05:59:01.781Z","normal"
"252af606-b22e-4b05-09ef-624295c7d987","Cloud Nine Cafe","2026-03-18T07:09:23.382Z","normal"
"b30fa910-e48d-4a05-b459-7dae17d65ea7","The Rustic Fork","2026-04-05T23:32:12.844Z","normal"
"06a22461-7928-4bd9-3d77-838b2bb6be9a","Corner Deli","2026-02-16T21:02:06.486Z","normal"
"aab0ff0f-7739-4169-6a18-be7741046983","Firebird Pizza","2025-11-11T14:24:12.304Z","normal"
"b87fcbf1-1dd0-4d0f-9f3f-49213ce19994","Sunrise Bistro","2026-01-05T04:45:45.936Z","normal"
"378e0628-1cd7-4920-a65f-62d480b64fbb","Stone Oven Bakery","2025-05-05T12:51:01.827Z","normal"
"07adde97-440f-4c90-467d-49bcc9b26241","City Kitchen","2025-07-08T06:58:18.467Z","normal"
"4f2b410b-cbde-437c-f8aa-1161bca44f58","Firebird Pizza","2025-04-13T21:18:23.564Z","normal"
"6acc68c4-c434-4e2f-5b87-ac3917fda2c3","Cloud Nine Cafe","2025-09-17T06:36:29.552Z","normal"
"fd555395-9aaa-4dac-75bb-789c216bc3c1","Harbor Grill","2025-04-26T07:58:29.477Z","normal"
"12c77ecc-69a9-4320-28ba-6ea133dc025a","Harbor Grill","2025-07-26T00:16:25.461Z","normal"
"a77371b5-576c-4715-cb95-914b4e3f834a","Golden Plate","2025-09-23T05:07:02.309Z","normal"
"f24a658d-58b6-4322-03ff-252f68e41c6a","City Kitchen","2025-10-14T14:46:48.203Z","normal"
"9584b077-4b9c-439b-a6d2-0b762e27997b","Sage & Thyme","2026-01-09T08:47:59.615Z","normal"
"d4202fa8-0dc1-46fd-fad1-0c698f1ae58f","Harbor Grill","2026-01-06T19:08:58.661Z","normal"
"50b298db-83a0-4ed3-374c-520d95d3bfd3","Stone Oven Bakery","2025-09-30T03:27:41.930Z","normal"
"c48085c3-1b67-4b48-9af0-01f7ad03b711","Green Leaf Bistro","2025-06-03T20:23:40.671Z","normal"
"94c08534-4272-4ae7-dfd6-c0159293a6cc","The Rustic Fork","2025-08-04T18:28:00.810Z","normal"
"d4b2d206-6330-4a91-d3dc-af6cc7c5872d","Red Pepper Thai","2025-06-02T03:08:14.006Z","normal"
"0c93b9ad-7809-4e62-a5dc-4c24ffdf4896","Luna Restaurant","2025-12-18T18:29:26.228Z","normal"
"d00a36ac-ef8f-4599-10cc-cb1eb568f530","The Local Table","2025-08-15T20:12:26.624Z","normal"
"dcb3c6f6-c120-45ea-9d41-7ad8f09e2cdb","Harbor Grill","2026-02-22T21:17:21.610Z","normal"
"ea047ca2-1292-4a78-1828-7847d87ae155","Firebird Pizza","2025-05-01T18:51:57.972Z","normal"
"1977648d-58f3-4ac8-00fa-9c2bcec1da7c","Red Pepper Thai","2026-01-23T17:07:02.109Z","normal"
"2fcca4a6-20bb-441c-945b-52cddfff28c0","Green Leaf Bistro","2025-08-06T09:27:54.013Z","normal"
"527a9d4e-b105-421d-9976-3c59b6dab0cd","The Brass Tap","2025-05-23T02:14:07.173Z","normal"
"17f0cb1d-bf3f-43a1-fa07-a20c36f43077","Mountain View Cafe","2026-01-20T20:56:12.373Z","normal"
"22bcfb15-4363-46b2-dfbe-1a4c2b62b19d","Firebird Pizza","2025-07-13T23:49:41.004Z","normal"
"d8a48556-f7a9-4426-3117-befe3b738a8b","Stone Oven Bakery","2026-04-04T10:43:59.546Z","normal"
"30d626b9-7e2a-4ac3-8128-4754f5815cc1","Fresh & Co","2025-10-31T09:23:27.405Z","normal"
"3d7e685e-9f85-44c6-2a73-584aab579a38","Sunrise Bistro","2025-06-22T09:46:49.099Z","normal"
"d6fc0af9-a0ed-4574-46d9-860e47457b23","The Brass Tap","2025-06-24T15:18:01.660Z","normal"
"455792cb-26fe-48c6-6964-493692cb42c7","Stone Oven Bakery","2025-08-16T04:14:19.080Z","normal"
"2eb0919e-771d-4dad-d1b6-4f1fc3f1caa6","Sage & Thyme","2026-03-16T07:42:19.763Z","normal"
"df845eba-fef7-4e6d-a84f-3ab2da5d52c8","Stone Oven Bakery","2026-01-11T11:15:39.868Z","normal"
"7ce1875d-d80e-4312-d7c4-2eab9d6e98d7","Firebird Pizza","2025-12-09T02:08:05.803Z","normal"
"f9a77b0e-567b-4dd4-a2f8-8dfce95b349f","Luna Restaurant","2025-11-24T07:46:51.408Z","normal"
"4ec2e594-b657-4900-28d1-40dcf2725034","Sage & Thyme","2025-08-19T18:07:21.768Z","normal"
"3934422b-d526-4851-c0f9-ccccad19d941","Cloud Nine Cafe","2026-02-02T03:27:54.373Z","normal"
"3256d038-417e-456c-7ea1-ca89b0a98376","Red Pepper Thai","2026-04-09T13:58:31.497Z","normal"
"26479fd0-f8cc-45b8-b0c9-18649efca186","Green Leaf Bistro","2025-08-08T17:39:15.274Z","normal"
"0ee7306c-e27c-4f73-e228-deacff987d41","Maple Street Diner","2028-04-09T12:28:20.297Z","timestamp_anomaly"
"ee4408b3-e053-4a50-d1ff-cc006af1fdb2","Sage & Thyme","2025-04-12T06:00:46.698Z","normal"
"983a1084-d62f-4241-4c52-6e6930b251e0","Fresh & Co","2025-07-09T18:57:50.754Z","normal"
"5eea8d6d-c11a-49ec-243e-0252e900c58a","Red Pepper Thai","2025-12-02T01:39:10.682Z","normal"
"dfb28853-1fdb-4908-a784-66e81e85d406","Corner Deli","2025-05-21T00:12:22.508Z","normal"
"8e58715b-fc17-40d4-d45c-f2dd9e05d224","Mountain View Cafe","2025-12-13T01:25:38.440Z","normal"
"7e979841-cf0b-4a34-ae4f-972065996de5","The Local Table","2025-05-08T07:17:16.346Z","normal"
"52b0ef15-af8a-406c-0f48-3130dbc657aa","The Rustic Fork","2025-11-30T18:13:54.728Z","normal"
"51b463c1-71f0-4ccb-6f4f-4694b910d8f7","Firebird Pizza","2025-07-12T15:04:06.746Z","normal"
"8b159e82-e177-446d-0e31-5ef956027097","Sage & Thyme","2025-11-22T07:30:35.871Z","normal"
"4529c6ef-cc06-48f1-a65b-d5bd7846c195","Mountain View Cafe","2025-12-26T08:36:41.864Z","normal"
"df771601-b8f3-4a26-fe50-e0dd86d4d117","Luna Restaurant","2026-03-14T06:22:38.493Z","normal"
"2c0b4b29-741c-45d6-b798-2f2f3b4c6961","Harbor Grill","2025-08-13T12:21:28.366Z","normal"
"70e27dab-69ab-41b8-e9fc-3ce252a35140","Golden Plate","2025-10-15T23:50:16.784Z","normal"
"815f3f79-178e-460b-4496-b7f6dcfbf00a","Corner Deli","2025-11-05T18:49:31.639Z","normal"
"ed5eb20d-9dba-4057-8162-e432ef410366","Maple Street Diner","2026-03-30T14:23:58.337Z","normal"
"84c4490e-d48e-4178-4a65-479c47907b3f","Sage & Thyme","2026-03-20T10:00:12.506Z","normal"
"ece71c24-4a11-4bfd-90d2-70d65696b329","Blue Ocean Sushi","2025-04-26T21:25:11.330Z","normal"
"0571119c-94bd-41e0-ae42-8b40891871d8","Golden Plate","2025-04-14T22:22:16.007Z","normal"
"f3c5a08b-3a37-48b6-30ac-75d167281857","Maple Street Diner","2025-12-01T21:38:15.551Z","normal"
"b0d42b31-ccb7-4538-1fe4-869e25ce54ed","Stone Oven Bakery","2025-08-26T17:16:25.962Z","normal"
"4dba3a3f-881c-487d-07be-b6c4a1cfd074","Luna Restaurant","2026-02-18T12:08:26.099Z","normal"
"0c5480c5-e7da-4de9-a7c6-1774a909875a","Red Pepper Thai","2026-03-05T05:52:05.005Z","normal"
"900fd91b-9ef2-4758-c2af-03ae5a78f5b6","City Kitchen","2025-12-05T01:13:52.083Z","normal"
"36477a71-a206-4e6f-f92d-9852f3174d5b","Oak & Vine","2025-12-08T20:13:46.773Z","normal"
"78a0cabb-233a-4f13-a0be-0c29fa5fb816","Mountain View Cafe","2025-10-05T03:17:02.743Z","normal"
"f2841b90-93ae-4fd3-14ba-5a04e04bb4e3","Corner Deli","2026-01-27T09:30:16.425Z","normal"
"377177ae-abeb-437a-b333-1b40963869af","Sage & Thyme","2026-03-07T14:19:03.468Z","normal"
"0cb5f7de-c0dc-4016-672c-aaa6ff49d24b","City Kitchen","2025-09-07T05:36:51.419Z","normal"
"1b52c33b-2464-41f8-4d9b-348d8f2e584c","Golden Plate","2026-02-23T17:48:24.857Z","normal"
"dfe31000-e82c-41e7-80af-3215b6f95f37","Golden Plate","2026-03-08T07:25:56.082Z","normal"
"07d91d36-ed85-4dee-f841-e03ddf35111d","The Brass Tap","2025-07-16T05:10:37.182Z","normal"
"ffdf0df6-1ca2-4088-f540-f6ef8f2e1f12","Sage & Thyme","2026-01-07T22:22:54.500Z","normal"
"17dc33a2-2c38-424a-a543-1ec6e3e98c6b","Stone Oven Bakery","2025-12-21T10:49:52.742Z","normal"
"7a13f1d3-d7a7-46b0-9dca-f132c1730ad8","Fresh & Co","2025-07-12T05:44:47.008Z","normal"
"58c9dd09-db47-49be-273e-4beda6d936ee","The Local Table","2025-05-12T10:19:31.462Z","normal"
"0132d2cb-dbe3-40cb-6e66-7d6e42d7b397","City Kitchen","2025-09-08T23:36:39.846Z","normal"
"25c565bd-09c9-42e6-71b0-82ede957e4db","Harbor Grill","2025-06-11T12:03:10.838Z","normal"
"72c2f8e9-7a26-43d2-944d-1d9e7a574c55","The Local Table","2025-08-29T03:39:56.400Z","normal"
"5293c7ba-a7e2-40d0-7cf7-215daebeae51","Corner Deli","2026-02-26T16:01:27.471Z","normal"
"693e69b8-3716-4cfa-9129-76fb69e6baec","The Brass Tap","2025-06-30T12:31:00.861Z","normal"
"41be4ee0-877c-4bad-335d-e19a50cff1e2","Luna Restaurant","2025-10-05T09:54:56.318Z","normal"
"6420d116-9f93-4d6d-1ffb-82043a0e530d","The Local Table","2025-10-03T06:25:07.378Z","normal"
"f74f645b-c674-4355-e4b5-6a3dd55c5576","The Local Table","2025-05-15T22:29:24.556Z","normal"
"3f1e7a68-6c3e-4b2d-8d7f-08a600e088ce","Corner Deli","2026-03-17T21:57:42.592Z","normal"
"4708fd9c-db65-4f12-613b-51c8ab716ef9","Mountain View Cafe","2026-01-17T15:52:16.839Z","normal"
"54f9c264-a1dc-46ae-c4b4-66959ec2dbd7","Maple Street Diner","2025-09-24T05:32:30.290Z","normal"
"ecfba0b5-e264-4d38-1c0d-29fc06af5307","Sage & Thyme","2025-10-30T13:45:44.605Z","normal"
"42d3e0b7-ceb2-4714-dfca-4e3ea0bab87c","The Brass Tap","2026-03-20T18:54:11.367Z","normal"
"3f7894e1-357f-4b70-5df4-a64baba6e2e9","Sunrise Bistro","2026-01-28T04:09:03.446Z","normal"
"b30cc47c-5f01-4797-1013-b1cb500ea46e","Sunrise Bistro","2025-11-29T02:07:00.938Z","normal"
"fe5b5a61-2e23-4d05-6f91-072bd1195290","Sunrise Bistro","2025-08-22T13:10:26.430Z","normal"
"b5e7bd69-6a77-4a63-51db-d9749dadfb34","Corner Deli","2025-07-21T06:40:53.611Z","normal"
"51dc705d-f260-4d6f-ab3a-2085ec29321f","Stone Oven Bakery","2026-03-01T10:22:40.406Z","normal"
"cf855c31-358e-4603-20c8-8052cdc4c914","Mountain View Cafe","2025-07-22T19:45:21.599Z","normal"
"600e198e-0ecf-4397-6752-efe2e7b167e2","Firebird Pizza","2025-08-26T08:26:04.966Z","normal"
"487783cf-fac7-4095-82da-bba579f9f290","City Kitchen","2025-08-31T21:16:56.696Z","normal"
"9da4e566-7f8d-4ebd-1b58-afea17f91e99","Mountain View Cafe","2025-09-02T00:32:14.553Z","normal"
"6e56598f-1e66-4ad4-ad7d-9e7fc710d443","Red Pepper Thai","2025-07-30T00:38:59.936Z","normal"
"59809ef8-469a-4a04-edb2-8f8f8bf65b2f","Golden Plate","2026-01-31T09:25:10.766Z","normal"
"211be84e-685c-4561-e2a0-13fab985ba70","Maple Street Diner","2025-10-09T20:28:13.561Z","normal"
"8d3a3f54-3945-45cd-e9e8-0ff84a915066","The Rustic Fork","2025-12-22T02:21:54.865Z","normal"
"83467af8-bca3-4fcd-db05-97dde3839d4d","Firebird Pizza","2026-01-28T00:00:35.035Z","normal"
"5f3f7b60-4924-41be-f3d3-0f3b348bd59e","City Kitchen","2026-02-11T05:10:45.896Z","normal"
"4fb69283-f019-48d0-4b90-6eb40ee2bf4e","Stone Oven Bakery","2026-01-13T10:55:44.959Z","normal"
"a81b3382-e701-4bb6-37d6-872071e427b6","Oak & Vine","2025-11-08T08:45:55.246Z","normal"
"6a646034-0051-4c0c-a9e6-38d7b555205d","Sunrise Bistro","2025-05-02T18:50:06.723Z","normal"
"2ce5df55-592f-4620-dba9-c440002d8538","The Rustic Fork","2025-08-07T14:49:08.480Z","normal"
"43e2aca8-f696-433f-892a-0a84afac463f","Mountain View Cafe","2028-04-09T12:28:20.297Z","timestamp_anomaly"
"c3bca423-a288-49fb-11c9-66fd1108ee93","Oak & Vine","2026-02-08T00:05:22.631Z","normal"
"f7fdcc5d-5a6a-43f1-6652-38dbb230f713","Red Pepper Thai","2025-06-17T18:42:58.486Z","normal"
"0831a45d-d745-4f99-6697-50651e877c73","Green Leaf Bistro","2025-07-03T20:53:35.785Z","normal"
"b924512a-9b52-4d16-bb9e-7233f6ea12d6","City Kitchen","2025-04-12T05:43:05.938Z","normal"
"4b67d2e6-dfbc-4ec6-f976-58f70378e85b","The Brass Tap","2025-07-20T09:38:13.108Z","normal"
"28c362bf-3205-40a1-d6d9-b21365c2e6a4","Sunrise Bistro","2025-04-14T19:30:20.947Z","normal"
"6043b9f1-6eb0-41fe-52ac-d2f216fa3d69","Stone Oven Bakery","2026-01-08T00:35:02.399Z","normal"
"a8dd69d0-670e-4f1a-82d0-0fea053c4005","Harbor Grill","2025-06-20T02:24:49.409Z","normal"
"37657725-bb6f-4dc8-600a-d4a27089796b","Golden Plate","2025-11-27T09:09:25.618Z","normal"
"437f1b38-f4b1-4c88-73a2-84e9fc3932e7","Cloud Nine Cafe","2026-04-01T19:26:55.544Z","normal"
"e79ea973-5bd8-4185-ec0c-6029ba7a23e5","Corner Deli","2026-01-07T17:55:53.333Z","normal"
"812a5571-6d37-4c4e-29a9-0ec77f7af49e","The Rustic Fork","2025-05-24T01:06:52.983Z","normal"
"371bfc28-9260-4602-463c-1db7d77526cc","Corner Deli","2025-07-07T07:02:56.114Z","normal"
"660c0824-5366-438f-c082-82f36c83fe01","Oak & Vine","2026-01-22T02:23:39.431Z","normal"
"d557a586-dcd4-4269-a0c4-ebd35fad1780","Sage & Thyme","2025-12-30T21:21:19.149Z","normal"
"a69ef595-f84b-400b-14aa-104cfc13a1af","City Kitchen","2025-07-26T03:12:05.768Z","normal"
"fb01c922-ca8e-4123-a761-3407d526f7f2","Stone Oven Bakery","2026-02-26T11:35:54.443Z","normal"
"f2615afd-5fa8-4182-d750-41b54d1e1e53","Corner Deli","2025-10-04T14:40:08.069Z","normal"
"61d03acf-8db8-4e27-6344-8a014813de7c","Corner Deli","2026-02-16T22:13:57.038Z","normal"
"0eb7d814-6cf1-42fb-958e-7a8b80f176a1","Sunrise Bistro","2026-03-13T11:30:55.195Z","normal"
"0d1d90bb-f93e-460c-1944-a94fa0440dd8","Luna Restaurant","2026-03-14T10:35:32.352Z","normal"
"6e75e523-583c-4991-04b8-3f3a4fea490c","Luna Restaurant","2026-02-17T23:22:28.774Z","normal"
"cd2cd588-8c0d-4ff8-0072-deb460ad6bbc","City Kitchen","2025-09-19T22:57:22.793Z","normal"
"117fbf6c-8e52-47ab-b3f4-16763fd47053","Blue Ocean Sushi","2026-02-16T02:09:15.125Z","normal"
"86df17cb-cc8c-43e1-a8cb-619060bb955e","City Kitchen","2025-05-20T04:22:15.902Z","normal"
"ab9d09a9-82a8-403b-9166-8cb856b757a7","Sage & Thyme","2025-12-17T04:28:45.376Z","normal"
"a6aebf71-2aa9-489d-f71c-cc5be54a77c3","Firebird Pizza","2025-04-11T15:22:46.590Z","normal"
"b2f40801-d4ce-48e1-9583-2203d3653a35","Maple Street Diner","2025-12-28T04:49:24.965Z","normal"
"61dcc1d2-b064-4a5e-6a6f-f04201b5b575","Luna Restaurant","2025-11-21T19:00:13.051Z","normal"
"71c9e993-f25c-4e5d-dd75-3b63c1bcc355","Red Pepper Thai","2025-10-23T14:43:59.625Z","normal"
"55dae32c-c031-44c3-5454-dc226b45175f","Sunrise Bistro","2025-06-03T15:56:53.402Z","normal"
"6d1f7122-b5df-441b-00f3-809979be29fa","Red Pepper Thai","2025-11-29T15:17:30.054Z","normal"
"9b194356-1d6e-49b5-8f82-efa8bcdd69d2","Oak & Vine","2025-12-19T07:12:45.785Z","normal"
"daf90e7c-0449-416f-b30c-c8b22219486a","Maple Street Diner","2026-02-19T15:48:20.757Z","normal"
"012fc9ff-b21f-42d5-8b42-98e682638ede","Red Pepper Thai","2026-02-10T04:42:52.080Z","normal"
"b99dac4a-e9d4-416d-dc49-7daa4b4240ec","Stone Oven Bakery","2025-07-26T02:18:08.682Z","normal"
"f7f094e9-ffa4-4e93-cd18-9cbf61a8454e","Sage & Thyme","2028-04-09T12:28:20.297Z","timestamp_anomaly"
"e3c3d2f7-60a2-4c41-bc36-92d99403c131","The Rustic Fork","2026-03-10T06:36:59.679Z","normal"
"272c3cf8-9911-4e26-83eb-809b1ff0f6dd","Fresh & Co","2025-05-25T17:40:01.789Z","normal"
"0affb44b-54ce-4f5d-547f-2977cfc9cf87","City Kitchen","2025-09-26T20:17:52.249Z","normal"
"411234b2-bdfc-4aad-8c81-498868f5f320","The Local Table","2025-12-22T04:42:14.715Z","normal"
"36a64152-bd55-4645-bf73-6b5d2efc5986","Oak & Vine","2025-06-13T17:53:35.117Z","normal"
"96a40705-87cd-489e-6a51-4542fa91818d","Red Pepper Thai","2025-11-25T12:32:22.251Z","normal"
"f97ebe57-7cdc-45c2-df1c-38127a52620d","The Local Table","2025-06-04T09:14:54.557Z","normal"
"1bfa1133-93ba-4d53-697b-490f675afb40","Oak & Vine","2026-03-31T16:56:51.083Z","normal"
"3ed574d4-99b7-4bfe-4f5f-711445765e61","Blue Ocean Sushi","2025-10-06T19:59:15.928Z","normal"
"b67d1d20-fbb8-4a4e-3816-056e59bc3768","Fresh & Co","2025-10-24T06:00:00.510Z","normal"
"b655f0d5-ff28-49ab-a890-fbbdd71ed836","Fresh & Co","2026-03-25T22:43:05.870Z","normal"
"acadbb2e-ab65-445b-2842-09add6f9d75f","Oak & Vine","2026-03-12T11:06:43.482Z","normal"
"f5159e6b-02e3-443f-d5d0-00b9c94eef3b","City Kitchen","2025-10-22T06:53:56.090Z","normal"
"9c5fc6a5-1e2e-415e-af84-03e86d59f607","Corner Deli","2025-12-17T01:41:58.346Z","normal"
"d8573697-bbe3-4658-d30a-4f3a11bb60ab","The Brass Tap","2025-07-05T16:12:47.873Z","normal"
"ae0be770-aee4-4a0b-aed2-d1c06141e7ce","Firebird Pizza","2025-06-20T07:39:51.339Z","normal"
"acde6653-9dd1-44bb-c1c7-4653dcdea590","Harbor Grill","2025-05-16T17:35:08.118Z","normal"
"bef01d9a-83bf-4c93-8131-12795e3f5348","Red Pepper Thai","2026-03-07T16:54:17.554Z","normal"
"c0c73b23-3d81-4518-53f1-ce4e2e847a6d","Green Leaf Bistro","2025-04-29T13:06:55.871Z","normal"
"9669b4d4-d411-4c30-9d33-275a4269dc12","The Local Table","2025-09-07T08:52:13.810Z","normal"
"bf5602b0-4c1d-4fc0-4349-d0e8bf8ef7fa","The Local Table","2025-04-12T21:02:33.296Z","normal"
"56bf1b46-ff0b-42cb-ea37-ebf137c999e8","Harbor Grill","2026-01-05T07:50:55.202Z","normal"
"a011ce5e-3351-4307-dc41-fb57bfb7d8ce","City Kitchen","2025-08-01T16:28:50.507Z","normal"
"df6701d2-4f6d-4515-3934-5559f0b549bf","The Brass Tap","2025-11-07T18:46:42.456Z","normal"
"fb074a87-be0d-47c0-eba7-b86230e90856","Blue Ocean Sushi","2025-08-12T20:08:09.924Z","normal"
"b08eed4c-d283-42c9-d299-6313bba61522","Stone Oven Bakery","2026-03-06T22:48:01.552Z","normal"
"a8984b16-e358-400b-fb55-422c0dd5ad2d","Mountain View Cafe","2025-12-16T00:27:07.403Z","normal"
"e99a8078-73da-429b-331f-a55977e3c0a1","Corner Deli","2025-12-08T22:51:13.145Z","normal"
"0265f343-c69b-4e2c-6b12-4262582e8512","Luna Restaurant","2025-12-27T14:49:37.640Z","normal"
"04c0d8f5-f97c-4dfe-73aa-3ada0fc5c743","Sage & Thyme","2026-03-03T16:51:22.285Z","normal"
"ec0a6e73-366c-40b6-c6c4-47c415a69d19","City Kitchen","2026-01-29T22:24:53.424Z","normal"
"34cf5f9a-3fc1-40a1-7649-3ba07bf6d1c4","The Rustic Fork","2025-09-01T00:32:57.449Z","normal"
"c7565161-874c-4b3b-4875-dfcabfbbdbef","Luna Restaurant","2025-06-02T16:30:35.479Z","normal"
"217e26f6-c15a-48ce-ed61-619100bbba5c","Green Leaf Bistro","2025-08-11T18:28:23.514Z","normal"
"4f08ca6d-f0d1-4220-1d6b-038c6f10d22d","Oak & Vine","2025-04-20T02:58:57.430Z","normal"
"a68590eb-b807-49fa-ede0-0c287170ff5b","Cloud Nine Cafe","2025-12-05T08:43:17.571Z","normal"
"28f93048-23da-4624-185a-454c66ce91bf","Luna Restaurant","2025-11-29T12:20:57.011Z","normal"
"7c51ff9c-ecaf-4662-8c2a-ba096bc558ae","Sage & Thyme","2025-12-20T15:31:06.724Z","normal"
"b6591bce-c309-42ae-3a53-97166cdc0d3d","The Brass Tap","2025-07-11T02:20:20.749Z","normal"
"797a999f-7ef8-426d-579b-1aaf26f2c353","Sunrise Bistro","2025-08-25T08:59:09.850Z","normal"
"f2b17856-e5f8-4b8d-c959-1f1159cf4101","Stone Oven Bakery","2025-09-06T20:39:12.485Z","normal"
"ae4ab705-6152-45df-0c32-9c2b22389214","Green Leaf Bistro","2025-12-07T17:16:35.243Z","normal"
"d302f1de-4021-42a7-a586-654cdec5f1ed","Sage & Thyme","2025-08-27T03:21:55.760Z","normal"
"ae3800b0-2cae-416f-568f-5754e2468ff0","Harbor Grill","2025-08-02T09:58:42.109Z","normal"
"4bc55e76-e470-4cdd-090f-001de00184d1","Oak & Vine","2025-04-15T16:08:38.398Z","normal"
"6bf97046-1113-4c16-bb8c-78f06af73a71","Fresh & Co","2025-11-30T03:57:33.140Z","normal"
"8c822e3d-226f-4f85-cb96-a3fc8c7e471a","Corner Deli","2025-11-15T05:50:27.897Z","normal"
"edbaa5cb-72a2-417b-c0b2-bd704214ebf4","Golden Plate","2026-03-28T18:36:15.309Z","normal"
"cafda3d6-0668-4102-a6b9-23a77fcf5baf","Golden Plate","2025-05-02T20:46:16.725Z","normal"
"ae4ee368-f557-482c-668d-abdba3b6e9fa","Corner Deli","2025-12-23T09:04:32.086Z","normal"
"7e71f1c6-c69b-44dc-9e44-f2da420eda02","City Kitchen","2026-03-21T17:54:00.221Z","normal"
"73d77467-6ead-46c4-6c1d-8749e3d7a6fc","Firebird Pizza","2026-01-06T20:34:58.266Z","normal"
"01594efa-fd94-4365-c28a-4fa8f6ce17e7","Blue Ocean Sushi","2025-11-03T14:16:57.402Z","normal"
"f45325e1-ad81-4ab7-a422-66c3a359fa43","Oak & Vine","2026-01-11T02:59:06.393Z","normal"
"756b0870-4f14-4d18-c791-4f9c572f2d9a","The Brass Tap","2025-12-06T07:59:09.094Z","normal"
"359de48f-6087-45e3-2929-99bd51e480e8","Green Leaf Bistro","2025-07-03T10:38:20.320Z","normal"
"99be346c-a9e3-4379-def0-b2a157ffc0c3","The Rustic Fork","2025-05-15T02:42:51.185Z","normal"
"63ad5e69-5ddc-46de-52a4-ebc9a6e4b0f3","Golden Plate","2025-12-10T18:46:11.388Z","normal"
"dc53e8b4-efa8-41cf-3ba9-426e15de1b7d","City Kitchen","2025-08-16T15:38:31.017Z","normal"
"0ddd7659-b4ff-497b-16ac-297cd8f1efa1","Sunrise Bistro","2025-10-31T15:30:40.572Z","normal"
"2afdc562-6dad-44a9-f1b2-22a9f028e250","Corner Deli","2025-08-29T07:06:55.192Z","normal"
"1871308b-29f0-4b87-88da-bf60d225b574","Sage & Thyme","2025-06-28T03:16:40.258Z","normal"
"e63e12c5-4027-47f2-f89c-ca78bd928e72","The Brass Tap","2028-04-09T12:28:20.297Z","timestamp_anomaly"
"abd2f25e-ad7f-48ba-700d-31291cdb6f50","Luna Restaurant","2026-01-30T09:49:38.635Z","normal"
"ec46dc8d-7fc6-44b1-c15e-066d0abd3c0d","Harbor Grill","2025-09-20T04:49:49.864Z","normal"
"a2233a07-6d5c-4e19-d5be-cb4a1e87bcaa","Harbor Grill","2026-04-07T20:19:34.260Z","normal"
"d85c476a-6c8c-448c-4252-5bba23557694","Green Leaf Bistro","2026-04-07T09:02:41.227Z","normal"
"7407d03f-ecd9-4bfa-7e10-06500bfe9299","Corner Deli","2025-12-03T01:40:47.643Z","normal"
"b96786b1-15b2-4c8a-5538-99ac9b0d3809","Sage & Thyme","2025-06-08T11:01:34.960Z","normal"
"2bbaac9f-d8ad-4b72-4ab7-724786b55b18","Cloud Nine Cafe","2025-04-15T16:01:17.859Z","normal"
"e5a41a35-87cc-4d4a-c08b-df75a087f413","Blue Ocean Sushi","2025-07-08T13:29:59.537Z","normal"
"df621e77-7385-4483-7766-85587c46ac33","Blue Ocean Sushi","2025-08-16T00:05:42.504Z","normal"
"d0e0e2af-f2f4-4fc6-faa3-4d6b945f9459","Sage & Thyme","2025-11-16T16:49:41.707Z","normal"
"b75cd1b0-8ccf-4d97-746d-304509d30246","Maple Street Diner","2025-12-06T00:44:33.464Z","normal"
"06f4eace-22a3-48df-ed3b-d128281c5aed","Sage & Thyme","2026-01-13T03:30:30.374Z","normal"
"03dd8a56-b253-4f84-7876-59c4eb168128","Sage & Thyme","2025-09-22T19:30:22.996Z","normal"
"71068f4b-0d5b-4a2b-a2f2-3e3dc7a34df9","Blue Ocean Sushi","2025-09-23T12:39:20.415Z","normal"
"80acc4a9-9aae-49fe-e81f-b4f40b0b690a","Firebird Pizza","2026-03-14T02:44:34.333Z","normal"
"a8ea0aac-8232-45c1-10f1-37cb79f14906","Sunrise Bistro","2025-07-25T21:48:49.768Z","normal"
"34912b62-7594-4726-b8ed-60bf21af4270","Harbor Grill","2026-03-28T08:02:03.510Z","normal"
"26c34a7d-8a77-443b-ecbc-4acda07c0bb7","Firebird Pizza","2025-08-08T02:12:36.889Z","normal"
"d5ea82f7-8d7c-42bd-f860-0961b6e0be50","Green Leaf Bistro","2025-04-19T03:28:53.943Z","normal"
"a502113c-c687-4337-af8e-e10d5362cfee","Maple Street Diner","2026-01-21T10:57:14.491Z","normal"
"49f920be-8d43-430e-366e-2bf9cd00562a","The Local Table","2028-04-09T12:28:20.297Z","timestamp_anomaly"
"932f64e3-4765-4ecc-1faa-15b59bf63c39",,"2025-09-30T20:44:36.296Z","null_injection"
"08e98a5e-7a82-4f29-c56e-7331ad44e482","Harbor Grill","2025-04-28T20:05:59.684Z","normal"
"bc325338-656d-463c-73c0-3f69e101b744","The Rustic Fork","2025-06-04T00:32:22.008Z","normal"
"f6beb363-b6f9-4345-0ba4-8261c328d47e","Fresh & Co","2025-09-05T18:56:24.457Z","normal"
"96e550c5-577f-4990-1c72-6728a428753e","Sunrise Bistro","2025-12-15T10:35:55.495Z","normal"
"cb44d690-59cf-4664-c701-d8a06c91aea6","Fresh & Co","2026-03-30T21:44:02.824Z","normal"
"85e14067-e8df-4852-2c9a-e4f731ba62b0","Fresh & Co","2026-04-02T13:11:10.186Z","normal"
"5d8920a0-1e10-4b5e-71cb-220ec0a71944","The Brass Tap","2025-11-14T01:21:02.103Z","normal"
"6a4cc2ff-0576-438f-c750-21ba05472023","Mountain View Cafe","2025-12-23T12:09:22.486Z","normal"
"5eab72d7-f22a-4804-34bd-81faaeb33a04","Mountain View Cafe","2025-08-23T17:50:09.808Z","normal"
"422a5ede-2187-45bc-c892-906293df827b","Stone Oven Bakery","2026-01-05T05:35:34.579Z","normal"
"bfeded9a-1b62-4b27-9747-9fbf9d417d61","The Brass Tap","2025-11-28T19:29:39.433Z","normal"
"99e1d359-e92b-4c73-00ad-1f4af95e92fb","Sunrise Bistro","2026-04-04T22:17:38.132Z","normal"
"af513f9c-8b64-4124-f6da-dc3d24122d20","Sage & Thyme","2025-12-08T14:37:21.701Z","normal"
"9b2ac4cb-4c99-4284-9b30-25cec9ee2087","Oak & Vine","2025-11-08T03:57:20.082Z","normal"
"3890259b-9f59-47a0-5e8a-d90ab1acdad9","Golden Plate","2025-08-11T23:06:59.236Z","normal"
"26ce881b-8362-41f6-ba42-095dcaef886a","The Rustic Fork","2025-07-20T03:38:31.716Z","normal"
"5590a355-ae10-48b2-47ce-4cc287218246","Oak & Vine","2025-10-15T06:36:11.881Z","normal"
"e020169e-8a18-4152-5608-2b656e000f46","Mountain View Cafe","2025-10-27T01:15:59.441Z","normal"
"90a95552-b368-45de-2e8c-3564f8fe9554","Sage & Thyme","2026-03-09T03:15:29.794Z","normal"
"2e6eee79-c01b-4b2a-a9a8-d5e0bd7e8dde","Fresh & Co","2025-12-19T19:18:59.826Z","normal"
"f7585b11-8a17-40fa-69b0-e17ca08479ac","Corner Deli","2026-03-11T11:27:00.910Z","normal"
"e4053b79-eb3d-49da-3fec-f6ffa4daa475","Oak & Vine","2025-09-17T16:16:33.718Z","normal"
"67c44773-bb18-4e8f-5ebe-b684bc3d483f","Red Pepper Thai","2025-09-07T06:40:57.282Z","normal"
"5e7b44bc-b72a-48fb-44d4-8806d99cf8b0","Maple Street Diner","2025-09-28T04:32:44.160Z","normal"
"e097cf93-e92e-4a4b-45a2-5f0fd9082af8","Mountain View Cafe","2026-04-04T20:15:04.947Z","normal"
"d49a4c1c-ce69-45af-3064-7d96c26052c8","Corner Deli","2026-03-30T15:02:44.623Z","normal"
"415cb9d8-cf24-4333-afc3-3bd54c659f14","Fresh & Co","2025-04-24T16:10:01.955Z","normal"
"8f910a97-049c-4cac-3a55-ccba10df54c3","Corner Deli","2026-03-24T05:54:57.196Z","normal"
"56507586-4948-4697-0d43-2cce633437a6","The Local Table","2025-09-29T02:26:44.485Z","normal"
"6f815abf-9b22-447c-d65c-5b3a9d725f45","Stone Oven Bakery","2025-09-28T17:18:57.882Z","normal"
"6da518ab-b712-43b7-f0c9-45d4dad2fe61","City Kitchen","2025-11-25T16:21:58.586Z","normal"
"78c00822-8a82-4f2d-36d8-77ddfdcdf203","The Local Table","2025-08-08T08:11:10.360Z","normal"
"1722e070-080c-4c21-ffa9-d1cc504d0454","Mountain View Cafe","2026-03-16T01:46:35.810Z","normal"
"138f2085-467d-44ed-ec76-30247df9142d","Mountain View Cafe","2025-04-17T09:57:40.851Z","normal"
"531bb5a5-e567-4a62-cd3a-2186684ac766","Cloud Nine Cafe","2025-05-30T01:23:07.399Z","normal"
"ad33cd21-462f-490c-ccd0-d6b6e3dc994a","Harbor Grill","2025-05-14T13:59:07.676Z","normal"
"1ebf4686-aade-4b1f-334b-ca9bb22794f8","The Local Table","2025-06-07T02:41:24.764Z","normal"
"259ca475-9929-4f59-1c7c-021a33c024e9","Maple Street Diner","2025-04-14T14:48:38.367Z","normal"
"e816a99f-e7bc-4350-9338-8091842b5532","Green Leaf Bistro","2025-10-19T00:31:46.873Z","normal"
"adb80919-2a37-4f19-504f-0623580df3ce","Green Leaf Bistro","2026-03-11T14:34:03.513Z","normal"
"ea16a051-b584-41fd-07ed-b49b935b8f8d","The Rustic Fork","2025-08-30T21:45:54.878Z","normal"
"f225c96c-4721-454a-7eba-7e73e2a76050","Corner Deli","2025-11-06T23:45:19.176Z","normal"
"5179436c-938b-4b63-5bc1-2743a4dd368b","Golden Plate","2025-05-22T11:35:02.037Z","normal"
"0040ab4b-3718-4e99-e790-ee0401eaf13d","Sunrise Bistro","2026-02-25T17:54:19.184Z","normal"
"44e97221-21c9-4199-8d61-cb956cc54494","Firebird Pizza","2028-04-09T12:28:20.297Z","timestamp_anomaly"
"76156a90-9994-4cc8-91cd-9d8b3e9e21df","Blue Ocean Sushi","2025-07-04T22:42:07.996Z","normal"
"b3216184-1449-4f78-0888-19819a8d29f2","Corner Deli","2025-07-07T17:31:15.595Z","normal"
"947b3dbc-68d4-4069-4c0f-e10e38053fe9","Stone Oven Bakery","2025-12-14T03:33:21.970Z","normal"
"d1938c4d-cb97-4e7e-5f8e-762731a64908","Mountain View Cafe","2028-04-09T12:28:20.297Z","timestamp_anomaly"
"0daf1538-968c-4274-8381-4ec074eef984","Golden Plate","2025-05-12T09:46:51.220Z","normal"
"89d92e1f-f7d4-483f-384c-64f4bb083265","Sunrise Bistro","2025-11-08T21:24:15.784Z","normal"
"c1b42bae-520a-4a53-f667-568ea4457a86","Red Pepper Thai","2026-01-19T11:15:33.156Z","normal"
"b9b861d9-2a08-496c-2f2c-d3cd977f9164","Green Leaf Bistro","2025-09-07T20:27:19.230Z","normal"
"6ab2a8f5-ebbe-4526-c879-1e975fbe83e1","Corner Deli","2025-06-23T02:30:30.275Z","normal"
"b4eda401-2fe4-44a2-b88a-fbb0f1dbf878","Stone Oven Bakery","2025-09-10T02:36:38.453Z","normal"
"6fcd9114-c3bc-428e-7914-3b667ea69dbc","Red Pepper Thai","2025-05-31T16:15:00.722Z","normal"
"569f503c-783e-4dca-5e04-a3bbfd83aa03","Golden Plate","2025-09-19T11:13:25.400Z","normal"
"1724633f-c8df-4753-18d2-1287ea6bc308","Sunrise Bistro","2025-12-31T12:48:53.262Z","normal"
"726050ab-6039-4c50-028c-dae1800fa1d1","Red Pepper Thai","2025-10-13T09:30:28.147Z","normal"
"910b3420-407b-4ab5-cd2c-c613da97d5cf","Mountain View Cafe","2025-12-19T21:05:56.653Z","normal"
"f60c83e3-b418-45af-02c4-8b24597fc81f","Firebird Pizza","2026-01-01T23:17:43.142Z","normal"
"30e59171-4880-4334-283b-9d3b7562c89c","Oak & Vine","2025-11-13T23:59:35.334Z","normal"
"5c761c76-efc7-4db6-1600-a0c8b8211a52","Mountain View Cafe","2025-12-14T19:26:25.503Z","normal"
"60e29ceb-c76a-4a1a-557c-d639db4f94c0","Luna Restaurant","2025-05-21T04:18:25.566Z","normal"
"ef076002-5f0b-40b9-7587-32822a13933b","Green Leaf Bistro","2025-12-16T13:43:12.943Z","normal"
"a51d9610-4f9f-42ec-ad78-9f63a6cf0a7b","Blue Ocean Sushi","2025-08-13T23:44:15.251Z","normal"
"979d6fd2-9edd-400d-4e79-8f07fed7acf1","The Rustic Fork","2026-02-17T03:54:47.128Z","normal"
"b92c3f19-62ff-404a-9a75-399a33c376b2","Corner Deli","2026-03-20T14:06:55.883Z","normal"
"66227840-8bd1-4d45-b8ca-100017892932","Golden Plate","2025-12-25T02:59:33.402Z","normal"
"28d209e6-9efb-4354-d680-20c3cc785e38","Firebird Pizza","2025-12-25T03:01:26.460Z","normal"
"3ea19aec-9f80-4629-298d-f794d5efa288","Red Pepper Thai","2025-08-06T19:42:06.952Z","normal"
"a3707df4-d197-49fb-2e78-ab23021be2fc","Red Pepper Thai","2026-04-06T21:04:04.703Z","normal"
"851a809c-745c-4b24-b45a-ddb5ba4243d4","Oak & Vine","2025-11-27T20:07:39.972Z","normal"
"76ae581c-e9d0-429c-c36b-f65b59abff8d","The Local Table","2026-01-18T07:07:52.372Z","normal"
"eaa444cb-83d5-4053-f6cd-b9c488693532","Sunrise Bistro","2025-09-06T16:32:36.715Z","normal"
"b8c5b967-b091-4caf-6ed7-75b27801d67a","The Local Table","2025-10-30T08:43:25.514Z","normal"
"3c634bd5-1766-4ce7-4f0f-cf7f33f241a5","The Brass Tap","2025-05-06T12:46:18.849Z","normal"
"775908e7-c984-42cf-27fd-b889bdfa6ff7","Maple Street Diner","2025-06-21T21:18:09.090Z","normal"
"2d6361c0-aea4-4c6c-90c2-0d7a4fa9154d","Golden Plate","2025-12-01T14:53:11.216Z","normal"
"4cd3b501-b3c7-4f27-0f35-6592c3bce329","Sunrise Bistro","2025-11-19T20:36:49.566Z","normal"
"9c4ba719-0b31-41f6-4cd0-1f89a21732a1","Stone Oven Bakery","2025-12-11T08:32:40.394Z","normal"
"3ae6bb53-3f89-4385-bc74-b13aab5a4e33","Maple Street Diner","2025-06-08T07:07:01.663Z","normal"
"70ed6209-abae-4fb1-9bc9-cfecb7fbac34","Mountain View Cafe","2025-11-27T14:16:48.222Z","normal"
"05ec2860-e178-4033-747f-ffa4bd3b6bd8","Harbor Grill","2025-06-08T05:47:39.749Z","normal"
"d1b07ae8-19b3-44d7-54f9-b97211527680","Fresh & Co","2025-11-22T13:21:37.822Z","normal"
"62d90e29-653d-4650-d559-c8d7cfd722d8","Stone Oven Bakery","2025-04-13T19:32:53.807Z","normal"
"1a59cce9-4e04-4881-f1c2-3423f2d40c89","The Brass Tap","2026-01-22T09:24:21.056Z","normal"
"31468954-aa50-4b57-50be-4f643f27ab1e","The Local Table","2025-04-28T21:02:40.713Z","normal"
"3794bf8d-9214-4f60-e33e-c5094f84a765","Sunrise Bistro","2026-03-10T18:18:08.216Z","normal"
"b324c137-4f9b-4e86-5511-9dca8ab70fae","Golden Plate","2026-03-26T05:16:09.443Z","normal"
"3800f0d2-1269-4938-7617-3d9f3c3eb7da","The Rustic Fork","2026-01-01T16:17:24.155Z","normal"
"9a177ba5-96fb-4967-2e95-70a44be38acf","Corner Deli","2025-12-13T20:35:53.399Z","normal"
"597f0d46-0322-48c8-550b-507990c08af9","Green Leaf Bistro","2025-12-26T23:54:18.049Z","normal"
"68c7e5ba-aec0-40d4-62f4-599275c935d4","Golden Plate","2026-01-23T04:09:35.971Z","normal"
"9886feb3-3786-4d69-fc3b-e4a8f7474e04","Mountain View Cafe","2025-12-24T15:40:41.723Z","normal"
"77910818-ab29-4c18-92c1-e4fcdb53a8a7","City Kitchen","2025-06-15T01:06:42.859Z","normal"
"e50f9699-2509-4532-b36e-61c34e0db04e","Sage & Thyme","2025-09-24T18:01:39.328Z","normal"
"11943f42-2b95-4020-b2e2-c187883a6fb1","Sage & Thyme","2025-12-11T09:12:57.070Z","normal"
"b611a4cf-d0a0-4b27-ef9b-1707c66b9f31","Golden Plate","2026-03-02T05:15:33.908Z","normal"
"978d3097-e876-4a90-f7c5-b20a8259d421","Stone Oven Bakery","2025-05-26T22:10:15.097Z","normal"
"9ec20d98-4c9e-4144-d829-d9a2409e1542","Blue Ocean Sushi","2026-01-20T06:43:41.921Z","normal"
"4c228752-e799-429f-65c6-82382770bd12","Maple Street Diner","2025-08-17T23:12:03.753Z","normal"
"e9ff870b-39a5-4578-3dd6-51069023a27f","Cloud Nine Cafe","2026-01-30T15:46:24.169Z","normal"
"be700a66-71e2-4a8b-efd0-44118a087571","Golden Plate","2025-04-22T00:52:44.317Z","normal"
"1c9f03f6-5f09-4af1-9112-56159fd6b8ab","City Kitchen","2025-10-04T00:28:46.165Z","normal"
"7d80155f-338a-48b2-ce59-6ef4472e5bb4","Corner Deli","2025-04-26T01:16:09.445Z","normal"
"843db21c-2dac-4f4a-4f06-630a98d7f154","Green Leaf Bistro","2025-07-26T12:38:24.512Z","normal"
"e183d040-76bb-41e6-2a4b-843c1a9ed998","The Rustic Fork","2025-06-08T23:38:28.555Z","normal"